country,country code,year,GDP_USD,GDP_per_capita_USD
Aruba,ABW,2013,2727932961,26442.4268
Africa Eastern and Southern,AFE,2013,9.84E+11,1748.905594
Afghanistan,AFG,2013,20146404996,624.3154545
Africa Western and Central,AFW,2013,8.21E+11,2157.494584
Angola,AGO,2013,1.33E+11,5127.717243
Albania,ALB,2013,12776220507,4413.062005
Andorra,AND,2013,3193512950,39538.35521
Arab World,ARB,2013,2.83E+12,7465.455471
United Arab Emirates,ARE,2013,3.90E+11,42412.63649
Argentina,ARG,2013,5.52E+11,13080.25473
Armenia,ARM,2013,11121465767,3838.17388
American Samoa,ASM,2013,638000000,11450.7242
Antigua and Barbuda,ATG,2013,1181448148,12910.59063
Australia,AUS,2013,1.58E+12,68156.62792
Austria,AUT,2013,4.30E+11,50731.12725
Azerbaijan,AZE,2013,74164435946,7875.756953
Burundi,BDI,2013,2451606684,256.9736979
Belgium,BEL,2013,5.22E+11,46757.95186
Benin,BEN,2013,12517845732,1251.209767
Burkina Faso,BFA,2013,13444301139,787.4694383
Bangladesh,BGD,2013,1.50E+11,981.8608514
Bulgaria,BGR,2013,55810138436,7681.93462
Bahrain,BHR,2013,32539468085,24744.29696
"Bahamas, The",BHS,2013,10562800000,28768.77237
Bosnia and Herzegovina,BIH,2013,18172335776,5129.663534
Belarus,BLR,2013,75527984234,7998.125239
Belize,BLZ,2013,1581844936,4575.680956
Bermuda,BMU,2013,6465756000,99471.6389
Bolivia,BOL,2013,30659338886,2908.200371
Brazil,BRA,2013,2.47E+12,12300.38671
Barbados,BRB,2013,4677248302,16452.15271
Brunei Darussalam,BRN,2013,18093829923,44740.85942
Bhutan,BTN,2013,1756215665,2472.724753
Botswana,BWA,2013,14901750991,7224.912737
Central African Republic,CAF,2013,1691544192,380.2979111
Canada,CAN,2013,1.85E+12,52635.17496
Central Europe and the Baltics,CEB,2013,1.42E+12,13718.184
Switzerland,CHE,2013,7.13E+11,88109.48675
Channel Islands,CHI,2013,,
Chile,CHL,2013,2.77E+11,15777.78151
China,CHN,2013,9.57E+12,7020.338485
Cote d'Ivoire,CIV,2013,42760237561,1935.946845
Cameroon,CMR,2013,33728622819,1527.751257
"Congo, Dem. Rep.",COD,2013,32679745298,457.9637475
"Congo, Rep.",COG,2013,17958720704,3884.850686
Colombia,COL,2013,3.82E+11,8218.347844
Comoros,COM,2013,1116224161,1505.337292
Cabo Verde,CPV,2013,1850470042,3616.03557
Costa Rica,CRI,2013,50949672206,10744.09102
Caribbean small states,CSS,2013,73521446002,10321.24032
Cuba,CUB,2013,77148000000,6837.71168
Curacao,CUW,2013,3039944134,19762.73962
Cayman Islands,CYM,2013,4405954696,73514.66965
Cyprus,CYP,2013,23900872626,27729.19336
Czech Republic,CZE,2013,2.12E+11,20133.16914
Germany,DEU,2013,3.73E+12,46298.92292
Djibouti,DJI,2013,2042817163,2312.720948
Dominica,DMA,2013,498296296.3,7016.380071
Denmark,DNK,2013,3.44E+11,61191.1937
Dominican Republic,DOM,2013,62682163837,6238.132367
Algeria,DZA,2013,2.10E+11,5499.587331
East Asia & Pacific (excluding high income),EAP,2013,1.19E+13,5891.965028
Early-demographic dividend,EAR,2013,1.03E+13,3389.95391
East Asia & Pacific,EAS,2013,2.14E+13,9482.163953
Europe & Central Asia (excluding high income),ECA,2013,4.15E+12,10778.37606
Europe & Central Asia,ECS,2013,2.35E+13,26147.70105
Ecuador,ECU,2013,95129659000,6056.331213
"Egypt, Arab Rep.",EGY,2013,2.88E+11,3262.657586
Euro area,EMU,2013,1.32E+13,39120.33334
Eritrea,ERI,2013,,
Spain,ESP,2013,1.36E+12,29067.80946
Estonia,EST,2013,25115753366,19056.00192
Ethiopia,ETH,2013,47648211133,499.5315302
European Union,EUU,2013,1.53E+13,34578.05193
Fragile and conflict affected situations,FCS,2013,1.84E+12,2232.174877
Finland,FIN,2013,2.71E+11,49892.22336
Fiji,FJI,2013,4190143206,4840.72727
France,FRA,2013,2.81E+12,42605.04438
Faroe Islands,FRO,2013,2677296441,55892.28702
"Micronesia, Fed. Sts.",FSM,2013,317214400,2994.792394
Gabon,GAB,2013,17595745653,9683.58162
United Kingdom,GBR,2013,2.80E+12,43713.81412
Georgia,GEO,2013,17189551521,4623.745725
Ghana,GHA,2013,62823043706,2361.090324
Gibraltar,GIB,2013,,
Guinea,GIN,2013,8376613843,769.0031667
"Gambia, The",GMB,2013,1375608956,700.5160422
Guinea-Bissau,GNB,2013,1046087418,634.6620391
Equatorial Guinea,GNQ,2013,21948835350,20390.73826
Greece,GRC,2013,2.39E+11,21787.78776
Grenada,GRD,2013,842620111.1,7789.632355
Greenland,GRL,2013,2684952727,47535.58995
Guatemala,GTM,2013,52996540704,3522.773706
Guam,GUM,2013,5399000000,33656.45357
Guyana,GUY,2013,4167800259,5489.140726
High income,HIC,2013,5.00E+13,41805.75112
"Hong Kong SAR, China",HKG,2013,2.76E+11,38403.77771
Honduras,HND,2013,18499710128,2102.592449
Heavily indebted poor countries (HIPC),HPC,2013,6.73E+11,991.3749964
Croatia,HRV,2013,58889082315,13837.73164
Haiti,HTI,2013,14902474091,1432.837618
Hungary,HUN,2013,1.36E+11,13719.95054
IBRD only,IBD,2013,2.67E+13,5844.710354
IDA & IBRD total,IBT,2013,2.86E+13,4751.116991
IDA total,IDA,2013,1.95E+12,1332.400378
IDA blend,IDB,2013,9.78E+11,1997.468021
Indonesia,IDN,2013,9.13E+11,3623.927241
IDA only,IDX,2013,9.68E+11,997.0369037
Isle of Man,IMN,2013,7000748788,83357.13268
India,IND,2013,1.86E+12,1449.610451
Not classified,INX,2013,,
Ireland,IRL,2013,2.38E+11,51533.03457
"Iran, Islamic Rep.",IRN,2013,4.93E+11,6443.029785
Iraq,IRQ,2013,2.35E+11,7076.552265
Iceland,ISL,2013,16125060515,49804.983
Israel,ISR,2013,2.94E+11,36499.45611
Italy,ITA,2013,2.14E+12,35560.08141
Jamaica,JAM,2013,14264202737,4989.734089
Jordan,JOR,2013,34454440141,4044.426869
Japan,JPN,2013,5.21E+12,40898.6479
Kazakhstan,KAZ,2013,2.37E+11,13890.63096
Kenya,KEN,2013,61671425370,1354.820833
Kyrgyz Republic,KGZ,2013,7335027592,1282.437162
Cambodia,KHM,2013,15227991395,1013.420536
Kiribati,KIR,2013,184550740.1,1710.592937
St. Kitts and Nevis,KNA,2013,875376407.4,17393.42727
"Korea, Rep.",KOR,2013,1.37E+12,27182.73431
Kuwait,KWT,2013,1.74E+11,49388.05338
Latin America & Caribbean (excluding high income),LAC,2013,5.39E+12,9815.816253
Lao PDR,LAO,2013,11983252611,1831.936916
Lebanon,LBN,2013,46880103081,7928.28957
Liberia,LBR,2013,3177198100,747.8686601
Libya,LBY,2013,75350633011,11921.90828
St. Lucia,LCA,2013,1664816741,9378.985047
Latin America & Caribbean,LCN,2013,6.30E+12,10338.42461
Least developed countries: UN classification,LDC,2013,9.13E+11,1017.033637
Low income,LIC,2013,4.50E+11,789.200762
Liechtenstein,LIE,2013,6391735894,173030.2083
Sri Lanka,LKA,2013,74317806538,3610.289363
Lower middle income,LMC,2013,6.43E+12,2141.518319
Low & middle income,LMY,2013,2.72E+13,4570.563791
Lesotho,LSO,2013,2367113170,1166.911756
Late-demographic dividend,LTE,2013,1.90E+13,8544.076174
Lithuania,LTU,2013,46523420074,15729.65247
Luxembourg,LUX,2013,65203276467,120000.1407
Latvia,LVA,2013,30204783462,15007.49186
"Macao SAR, China",MAC,2013,51536304808,89260.7571
St. Martin (French part),MAF,2013,,
Morocco,MAR,2013,1.07E+11,3121.680176
Monaco,MCO,2013,6555983530,177673.7454
Moldova,MDA,2013,9496717702,3322.04998
Madagascar,MDG,2013,12423555269,541.0659437
Maldives,MDV,2013,3295011382,7928.476443
Middle East & North Africa,MEA,2013,3.55E+12,8666.91024
Mexico,MEX,2013,1.27E+12,10725.18359
Marshall Islands,MHL,2013,184840400,3246.63025
Middle income,MIC,2013,2.67E+13,4971.544305
North Macedonia,MKD,2013,10817712139,5241.058345
Mali,MLI,2013,13242690790,805.0339407
Malta,MLT,2013,10551661177,24771.07658
Myanmar,MMR,2013,60572257122,1168.165453
Middle East & North Africa (excluding high income),MNA,2013,1.62E+12,4601.10314
Montenegro,MNE,2013,4465771673,7188.862445
Mongolia,MNG,2013,12582122604,4366.089537
Northern Mariana Islands,MNP,2013,772000000,14091.19118
Mozambique,MOZ,2013,16974314296,664.0772657
Mauritania,MRT,2013,7223071177,1892.096098
Mauritius,MUS,2013,12129642296,9637.00265
Malawi,MWI,2013,5518880769,348.4298737
Malaysia,MYS,2013,3.23E+11,10970.1043
North America,NAC,2013,1.87E+13,53234.1501
Namibia,NAM,2013,12043276397,5392.094938
New Caledonia,NCL,2013,10151385306,38503.26306
Niger,NER,2013,10224897935,552.569139
Nigeria,NGA,2013,5.09E+11,2961.549422
Nicaragua,NIC,2013,10982979274,1811.636803
Netherlands,NLD,2013,8.77E+11,52198.89756
Norway,NOR,2013,5.23E+11,102913.4508
Nepal,NPL,2013,22162208956,823.3598746
Nauru,NRU,2013,98491843.64,9648.495655
New Zealand,NZL,2013,1.91E+11,42976.64959
OECD members,OED,2013,4.93E+13,37477.67902
Oman,OMN,2013,89936020806,23888.62658
Other small states,OSS,2013,4.32E+11,15553.00274
Pakistan,PAK,2013,2.31E+11,1208.91771
Panama,PAN,2013,45599994000,11889.09507
Peru,PER,2013,2.01E+11,6756.752996
Philippines,PHL,2013,2.84E+11,2871.429701
Palau,PLW,2013,221117200,12561.33614
Papua New Guinea,PNG,2013,21261432791,2729.888751
Poland,POL,2013,5.21E+11,13696.4663
Pre-demographic dividend,PRE,2013,1.46E+12,1822.840521
Puerto Rico,PRI,2013,1.02E+11,28513.16574
"Korea, Dem. People's Rep.",PRK,2013,,
Portugal,PRT,2013,2.26E+11,21653.19598
Paraguay,PRY,2013,38651334288,5936.975959
West Bank and Gaza,PSE,2013,13515500000,3315.297539
Pacific island small states,PSS,2013,8498746217,3702.431426
Post-demographic dividend,PST,2013,4.63E+13,42546.67832
French Polynesia,PYF,2013,,
Qatar,QAT,2013,1.99E+11,85050.68435
Romania,ROU,2013,1.91E+11,9547.852151
Russian Federation,RUS,2013,2.29E+12,15974.64453
Rwanda,RWA,2013,7815975294,722.9290868
South Asia,SAS,2013,2.36E+12,1383.316909
Saudi Arabia,SAU,2013,7.47E+11,24845.12466
Sudan,SDN,2013,66026600235,1781.010254
Senegal,SEN,2013,18918668644,1372.665779
Singapore,SGP,2013,3.08E+11,56967.42579
Solomon Islands,SLB,2013,1284763287,2248.727594
Sierra Leone,SLE,2013,4920343195,716.8358269
El Salvador,SLV,2013,21990960000,3509.526536
San Marino,SMR,2013,1678841812,51570.98395
Somalia,SOM,2013,4574495667,350.1681618
Serbia,SRB,2013,48394239475,6755.073675
Sub-Saharan Africa (excluding high income),SSA,2013,1.80E+12,1912.511337
South Sudan,SSD,2013,18426469017,1779.470365
Sub-Saharan Africa,SSF,2013,1.80E+12,1913.737226
Small states,SST,2013,5.14E+11,13820.56344
Sao Tome and Principe,STP,2013,300554483.6,1564.768548
Suriname,SUR,2013,5145757576,9402.164419
Slovak Republic,SVK,2013,98569320343,18208.41759
Slovenia,SVN,2013,48415657265,23503.28249
Sweden,SWE,2013,5.87E+11,61126.9432
Eswatini,SWZ,2013,4597532030,4230.171266
Sint Maarten (Dutch part),SXM,2013,1022905028,27942.88054
Seychelles,SYC,2013,1328089686,14764.91886
Syrian Arab Republic,SYR,2013,22552466245,1151.901597
Turks and Caicos Islands,TCA,2013,754238000,21715.31397
Chad,TCD,2013,12953535496,979.8117426
East Asia & Pacific (IDA & IBRD countries),TEA,2013,1.19E+13,5958.159193
Europe & Central Asia (IDA & IBRD countries),TEC,2013,4.92E+12,11000.65912
Togo,TGO,2013,4321655656,621.3988536
Thailand,THA,2013,4.20E+11,6168.261356
Tajikistan,TJK,2013,8448469838,1048.225602
Turkmenistan,TKM,2013,39197543860,7304.285771
Latin America & the Caribbean (IDA & IBRD countries),TLA,2013,6.09E+12,10260.50582
Timor-Leste,TLS,2013,1395519600,1210.035655
Middle East & North Africa (IDA & IBRD countries),TMN,2013,1.60E+12,4616.20005
Tonga,TON,2013,450643615.2,4428.146521
South Asia (IDA & IBRD),TSA,2013,2.36E+12,1383.316909
Sub-Saharan Africa (IDA & IBRD countries),TSS,2013,1.80E+12,1913.737226
Trinidad and Tobago,TTO,2013,27294453245,20162.73321
Tunisia,TUN,2013,48684187850,4444.847488
Turkiye,TUR,2013,9.58E+11,12614.78161
Tuvalu,TUV,2013,38617493.72,3559.54408
Tanzania,TZA,2013,45680532614,970.3995972
Uganda,UGA,2013,28915786997,810.090395
Ukraine,UKR,2013,1.90E+11,4187.739746
Upper middle income,UMC,2013,2.03E+13,8551.336135
Uruguay,URY,2013,57531233351,16973.68924
United States,USA,2013,1.68E+13,53291.12769
Uzbekistan,UZB,2013,73180036692,2419.718703
St. Vincent and the Grenadines,VCT,2013,764781242.7,7040.628615
"Venezuela, RB",VEN,2013,3.71E+11,12457.7686
British Virgin Islands,VGB,2013,,
Virgin Islands (U.S.),VIR,2013,3738000000,34597.97669
Vietnam,VNM,2013,2.14E+11,2354.874117
Vanuatu,VUT,2013,758304466.2,2954.774511
World,WLD,2013,7.76E+13,10815.58001
Samoa,WSM,2013,770059565,4037.813902
Kosovo,XKX,2013,6735731173,3704.784221
"Yemen, Rep.",YEM,2013,40415235702,1607.152173
South Africa,ZAF,2013,4.01E+11,7467.079185
Zambia,ZMB,2013,28037239463,1878.346811
Zimbabwe,ZWE,2013,19091020000,1429.998461
Aruba,ABW,2014,2791061453,26895.05717
Africa Eastern and Southern,AFE,2014,1.00E+12,1736.24222
Afghanistan,AFG,2014,20497126770,614.2233424
Africa Western and Central,AFW,2014,8.65E+11,2212.914095
Angola,AGO,2014,1.37E+11,5094.112329
Albania,ALB,2014,13228147516,4578.633208
Andorra,AND,2014,3271685597,41302.38214
Arab World,ARB,2014,2.88E+12,7414.312109
United Arab Emirates,ARE,2014,4.03E+11,43751.81731
Argentina,ARG,2014,5.26E+11,12334.79825
Armenia,ARM,2014,11609512940,3986.231624
American Samoa,ASM,2014,643000000,11525.15639
Antigua and Barbuda,ATG,2014,1249733333,13501.58092
Australia,AUS,2014,1.47E+12,62511.69059
Austria,AUT,2014,4.43E+11,51786.37717
Azerbaijan,AZE,2014,75244294275,7891.313147
Burundi,BDI,2014,2705783272,274.8578362
Belgium,BEL,2014,5.35E+11,47764.07151
Benin,BEN,2014,13284528654,1291.410185
Burkina Faso,BFA,2014,13943016924,792.8462374
Bangladesh,BGD,2014,1.73E+11,1118.873808
Bulgaria,BGR,2014,57082011260,7901.785876
Bahrain,BHR,2014,33387712766,24989.43753
"Bahamas, The",BHS,2014,11176100000,30154.73862
Bosnia and Herzegovina,BIH,2014,18560861398,5330.355078
Belarus,BLR,2014,78813839984,8341.399679
Belize,BLZ,2014,1676406802,4744.108945
Bermuda,BMU,2014,6413988000,98467.68399
Bolivia,BOL,2014,32996188017,3081.878824
Brazil,BRA,2014,2.46E+12,12112.83496
Barbados,BRB,2014,4696344342,16488.52573
Brunei Darussalam,BRN,2014,17098342541,41725.86752
Bhutan,BTN,2014,1907090813,2652.225654
Botswana,BWA,2014,15654660710,7495.220866
Central African Republic,CAF,2014,1894813505,424.4491317
Canada,CAN,2014,1.81E+12,50955.99832
Central Europe and the Baltics,CEB,2014,1.47E+12,14164.07445
Switzerland,CHE,2014,7.34E+11,89684.70758
Channel Islands,CHI,2014,,
Chile,CHL,2014,2.59E+11,14606.99672
China,CHN,2014,1.05E+13,7636.116601
Cote d'Ivoire,CIV,2014,48843008580,2156.645883
Cameroon,CMR,2014,36386546918,1604.214035
"Congo, Dem. Rep.",COD,2014,35909040266,486.7870951
"Congo, Rep.",COG,2014,17912907682,3781.515735
Colombia,COL,2014,3.81E+11,8114.343921
Comoros,COM,2014,1149587652,1513.830379
Cabo Verde,CPV,2014,1859898513,3588.625584
Costa Rica,CRI,2014,52016408951,10847.16967
Caribbean small states,CSS,2014,74620404150,10402.31367
Cuba,CUB,2014,80656000000,7133.337679
Curacao,CUW,2014,3048435754,19552.66055
Cayman Islands,CYM,2014,4563017852,74990.43274
Cyprus,CYP,2014,23156850007,27163.33203
Czech Republic,CZE,2014,2.09E+11,19890.91991
Germany,DEU,2014,3.89E+12,48023.86998
Djibouti,DJI,2014,2214679081,2464.294905
Dominica,DMA,2014,520207407.4,7317.486143
Denmark,DNK,2014,3.53E+11,62548.98473
Dominican Republic,DOM,2014,67179914027,6608.825501
Algeria,DZA,2014,2.14E+11,5493.056695
East Asia & Pacific (excluding high income),EAP,2014,1.28E+13,6301.086814
Early-demographic dividend,EAR,2014,1.06E+13,3457.598489
East Asia & Pacific,EAS,2014,2.21E+13,9707.506845
Europe & Central Asia (excluding high income),ECA,2014,3.85E+12,9921.609409
Europe & Central Asia,ECS,2014,2.38E+13,26388.22379
Ecuador,ECU,2014,1.02E+11,6377.093929
"Egypt, Arab Rep.",EGY,2014,3.06E+11,3379.557986
Euro area,EMU,2014,1.35E+13,39912.44232
Eritrea,ERI,2014,,
Spain,ESP,2014,1.37E+12,29500.78943
Estonia,EST,2014,26634083965,20261.06673
Ethiopia,ETH,2014,55612228234,566.9264029
European Union,EUU,2014,1.57E+13,35286.11738
Fragile and conflict affected situations,FCS,2014,2.00E+12,2373.380034
Finland,FIN,2014,2.75E+11,50327.24029
Fiji,FJI,2014,4856963230,5605.609148
France,FRA,2014,2.86E+12,43068.54872
Faroe Islands,FRO,2014,2901131403,60484.34073
"Micronesia, Fed. Sts.",FSM,2014,319271200,2971.512602
Gabon,GAB,2014,18203968002,9663.42411
United Kingdom,GBR,2014,3.09E+12,47787.2413
Georgia,GEO,2014,17627003455,4739.188338
Ghana,GHA,2014,54782847753,2012.264247
Gibraltar,GIB,2014,,
Guinea,GIN,2014,8778473615,787.2385644
"Gambia, The",GMB,2014,1229460602,607.4299047
Guinea-Bissau,GNB,2014,1054915645,623.3130914
Equatorial Guinea,GNQ,2014,21765454404,19394.08184
Greece,GRC,2014,2.35E+11,21616.71001
Grenada,GRD,2014,911497407.4,8370.040472
Greenland,GRL,2014,2842048998,50484.92757
Guatemala,GTM,2014,57852399964,3779.642336
Guam,GUM,2014,5610000000,34843.20557
Guyana,GUY,2014,4127659492,5407.147366
High income,HIC,2014,5.11E+13,42455.82354
"Hong Kong SAR, China",HKG,2014,2.91E+11,40315.28556
Honduras,HND,2014,19756494435,2206.054397
Heavily indebted poor countries (HIPC),HPC,2014,7.15E+11,1024.189222
Croatia,HRV,2014,58330289757,13762.37286
Haiti,HTI,2014,15139264670,1435.13647
Hungary,HUN,2014,1.41E+11,14298.83367
IBRD only,IBD,2014,2.76E+13,5980.853387
IDA & IBRD total,IBT,2014,2.97E+13,4859.135489
IDA total,IDA,2014,2.08E+12,1394.917755
IDA blend,IDB,2014,1.05E+12,2093.792195
Indonesia,IDN,2014,8.91E+11,3491.637491
IDA only,IDX,2014,1.03E+12,1041.977873
Isle of Man,IMN,2014,7708834951,92334.64631
India,IND,2014,2.04E+12,1573.885642
Not classified,INX,2014,,
Ireland,IRL,2014,2.59E+11,55599.8508
"Iran, Islamic Rep.",IRN,2014,4.60E+11,5943.048107
Iraq,IRQ,2014,2.28E+11,6637.684375
Iceland,ISL,2014,17867662178,54576.74481
Israel,ISR,2014,3.11E+11,37847.64994
Italy,ITA,2014,2.16E+12,35565.72138
Jamaica,JAM,2014,13899228824,4834.284009
Jordan,JOR,2014,36847643521,4131.44735
Japan,JPN,2014,4.90E+12,38475.39525
Kazakhstan,KAZ,2014,2.21E+11,12807.26069
Kenya,KEN,2014,68285768554,1462.220052
Kyrgyz Republic,KGZ,2014,7468096567,1279.769783
Cambodia,KHM,2014,16702610842,1093.495976
Kiribati,KIR,2014,177862310.4,1625.9913
St. Kitts and Nevis,KNA,2014,954062481.5,18789.6345
"Korea, Rep.",KOR,2014,1.48E+12,29249.57522
Kuwait,KWT,2014,1.63E+11,44062.34091
Latin America & Caribbean (excluding high income),LAC,2014,5.41E+12,9755.448557
Lao PDR,LAO,2014,13279248479,1999.958203
Lebanon,LBN,2014,48095213746,7681.657944
Liberia,LBR,2014,3225652000,739.911935
Libya,LBY,2014,57372445772,9017.93368
St. Lucia,LCA,2014,1755130815,9843.308534
Latin America & Caribbean,LCN,2014,6.43E+12,10431.71262
Least developed countries: UN classification,LDC,2014,9.81E+11,1067.951985
Low income,LIC,2014,4.80E+11,821.3361813
Liechtenstein,LIE,2014,6657170923,178864.8519
Sri Lanka,LKA,2014,79356449841,3819.25353
Lower middle income,LMC,2014,6.68E+12,2191.985872
Low & middle income,LMY,2014,2.81E+13,4661.974204
Lesotho,LSO,2014,2441053176,1194.575627
Late-demographic dividend,LTE,2014,1.97E+13,8810.520696
Lithuania,LTU,2014,48533659592,16551.0182
Luxembourg,LUX,2014,68804811898,123678.7021
Latvia,LVA,2014,31386896487,15742.39134
"Macao SAR, China",MAC,2014,54903031138,93022.87514
St. Martin (French part),MAF,2014,772921756.3,21459.31913
Morocco,MAR,2014,1.10E+11,3171.699219
Monaco,MCO,2014,7069616049,189432.37
Moldova,MDA,2014,9510198962,3328.79433
Madagascar,MDG,2014,12522957228,530.8610389
Maldives,MDV,2014,3697351597,8499.307148
Middle East & North Africa,MEA,2014,3.57E+12,8540.737206
Mexico,MEX,2014,1.32E+12,10928.91601
Marshall Islands,MHL,2014,182142800,3185.261354
Middle income,MIC,2014,2.76E+13,5074.932484
North Macedonia,MKD,2014,11362272838,5495.735049
Mali,MLI,2014,14364937128,848.2789916
Malta,MLT,2014,11626281387,26754.26845
Myanmar,MMR,2014,63264892768,1210.097654
Middle East & North Africa (excluding high income),MNA,2014,1.59E+12,4452.593964
Montenegro,MNE,2014,4593852089,7387.871036
Mongolia,MNG,2014,12226514722,4158.521471
Northern Mariana Islands,MNP,2014,832000000,15044.9359
Mozambique,MOZ,2014,17716091057,673.9694763
Mauritania,MRT,2014,6592537782,1677.109019
Mauritius,MUS,2014,12803445934,10153.93822
Malawi,MWI,2014,6047813437,371.2695217
Malaysia,MYS,2014,3.38E+11,11319.06194
North America,NAC,2014,1.94E+13,54714.47093
Namibia,NAM,2014,12435416060,5469.9014
New Caledonia,NCL,2014,10635039739,39675.58194
Niger,NER,2014,10862944204,564.5967488
Nigeria,NGA,2014,5.47E+11,3098.985791
Nicaragua,NIC,2014,11880434071,1934.062922
Netherlands,NLD,2014,8.92E+11,52900.53742
Norway,NOR,2014,4.98E+11,97019.18275
Nepal,NPL,2014,22731602970,844.8531249
Nauru,NRU,2014,104654365.2,10171.48073
New Zealand,NZL,2014,2.01E+11,44572.89875
OECD members,OED,2014,5.03E+13,37993.05368
Oman,OMN,2014,92699089727,23017.93398
Other small states,OSS,2014,4.46E+11,15733.94809
Pakistan,PAK,2014,2.44E+11,1251.175719
Panama,PAN,2014,49921464400,12796.07404
Peru,PER,2014,2.01E+11,6672.877373
Philippines,PHL,2014,2.97E+11,2959.645435
Palau,PLW,2014,241669800,13711.7617
Papua New Guinea,PNG,2014,23210682538,2920.782986
Poland,POL,2014,5.42E+11,14271.30585
Pre-demographic dividend,PRE,2014,1.53E+12,1861.65095
Puerto Rico,PRI,2014,1.02E+11,28981.45733
"Korea, Dem. People's Rep.",PRK,2014,,
Portugal,PRT,2014,2.30E+11,22103.70097
Paraguay,PRY,2014,40377987209,6118.31811
West Bank and Gaza,PSE,2014,13989700000,3352.112595
Pacific island small states,PSS,2014,9225908807,3970.595443
Post-demographic dividend,PST,2014,4.72E+13,43196.85331
French Polynesia,PYF,2014,,
Qatar,QAT,2014,2.06E+11,83858.34046
Romania,ROU,2014,2.00E+11,10043.67745
Russian Federation,RUS,2014,2.06E+12,14095.64844
Rwanda,RWA,2014,8234762201,742.9662434
South Asia,SAS,2014,2.58E+12,1496.014996
Saudi Arabia,SAU,2014,7.56E+11,24464.21256
Sudan,SDN,2014,76818327442,2022.724243
Senegal,SEN,2014,19797254643,1396.657339
Singapore,SGP,2014,3.15E+11,57562.53079
Solomon Islands,SLB,2014,1335584912,2274.966251
Sierra Leone,SLE,2014,5015157816,714.6997957
El Salvador,SLV,2014,22593470000,3589.042885
San Marino,SMR,2014,1673973695,50817.33082
Somalia,SOM,2014,5021956321,374.1147807
Serbia,SRB,2014,47062206678,6600.056809
Sub-Saharan Africa (excluding high income),SSA,2014,1.87E+12,1927.283887
South Sudan,SSD,2014,13962212847,1322.820364
Sub-Saharan Africa,SSF,2014,1.87E+12,1928.534202
Small states,SST,2014,5.30E+11,14001.86934
Sao Tome and Principe,STP,2014,346528329.2,1770.467688
Suriname,SUR,2014,5240606061,9471.922001
Slovak Republic,SVK,2014,1.01E+11,18655.79011
Slovenia,SVN,2014,49997186439,24247.17332
Sweden,SWE,2014,5.82E+11,60020.36046
Eswatini,SWZ,2014,4422968340,4039.159341
Sint Maarten (Dutch part),SXM,2014,1245251397,33043.68838
Seychelles,SYC,2014,1387577763,15188.18905
Syrian Arab Republic,SYR,2014,22075987602,1179.858296
Turks and Caicos Islands,TCA,2014,841070000,23778.51913
Chad,TCD,2014,13940768066,1020.287979
East Asia & Pacific (IDA & IBRD countries),TEA,2014,1.28E+13,6371.660419
Europe & Central Asia (IDA & IBRD countries),TEC,2014,4.65E+12,10330.80505
Togo,TGO,2014,4574986537,640.9342196
Thailand,THA,2014,4.07E+11,5951.883487
Tajikistan,TJK,2014,9112544556,1104.172358
Turkmenistan,TKM,2014,43524210526,7962.244925
Latin America & the Caribbean (IDA & IBRD countries),TLA,2014,6.21E+12,10349.12339
Timor-Leste,TLS,2014,1447307100,1232.450336
Middle East & North Africa (IDA & IBRD countries),TMN,2014,1.58E+12,4465.587777
Tonga,TON,2014,439878828,4354.24436
South Asia (IDA & IBRD),TSA,2014,2.58E+12,1496.014996
Sub-Saharan Africa (IDA & IBRD countries),TSS,2014,1.87E+12,1928.534202
Trinidad and Tobago,TTO,2014,27642525749,20290.51971
Tunisia,TUN,2014,50271072628,4543.992276
Turkiye,TUR,2014,9.39E+11,12157.99043
Tuvalu,TUV,2014,38759689.92,3532.278312
Tanzania,TZA,2014,49964788814,1030.077637
Uganda,UGA,2014,32612397758,883.5287445
Ukraine,UKR,2014,1.34E+11,3104.643311
Upper middle income,UMC,2014,2.09E+13,8746.265703
Uruguay,URY,2014,57236013086,16831.94819
United States,USA,2014,1.76E+13,55123.84979
Uzbekistan,UZB,2014,80845384375,2628.460008
St. Vincent and the Grenadines,VCT,2014,770901436.4,7081.065478
"Venezuela, RB",VEN,2014,4.82E+11,16055.64532
British Virgin Islands,VGB,2014,,
Virgin Islands (U.S.),VIR,2014,3565000000,33045.36438
Vietnam,VNM,2014,2.33E+11,2545.416768
Vanuatu,VUT,2014,772315721.3,2926.67996
World,WLD,2014,7.97E+13,10976.38345
Samoa,WSM,2014,756805950.2,3937.186298
Kosovo,XKX,2014,7074657898,3902.676013
"Yemen, Rep.",YEM,2014,43228585321,1674.002572
South Africa,ZAF,2014,3.81E+11,6988.808739
Zambia,ZMB,2014,27141023558,1762.427817
Zimbabwe,ZWE,2014,19495519600,1434.896277
Aruba,ABW,2015,2963128492,28399.05013
Africa Eastern and Southern,AFE,2015,9.24E+11,1556.316469
Afghanistan,AFG,2015,19134211764,556.0072209
Africa Western and Central,AFW,2015,7.61E+11,1894.322115
Angola,AGO,2015,87219290029,3127.890598
Albania,ALB,2015,11386850130,3952.802538
Andorra,AND,2015,2789881259,35770.91865
Arab World,ARB,2015,2.52E+12,6359.900578
United Arab Emirates,ARE,2015,3.58E+11,38663.38826
Argentina,ARG,2015,5.95E+11,13789.06042
Armenia,ARM,2015,10553337673,3607.289299
American Samoa,ASM,2015,673000000,12059.63516
Antigua and Barbuda,ATG,2015,1336692593,14285.32978
Australia,AUS,2015,1.35E+12,56707.02208
Austria,AUT,2015,3.82E+11,44195.81759
Azerbaijan,AZE,2015,53074370486,5500.310382
Burundi,BDI,2015,3104003611,305.5111441
Belgium,BEL,2015,4.62E+11,41008.29672
Benin,BEN,2015,11388160958,1076.796698
Burkina Faso,BFA,2015,11832159276,653.3272681
Bangladesh,BGD,2015,1.95E+11,1248.45331
Bulgaria,BGR,2015,50781996713,7074.681023
Bahrain,BHR,2015,31050638298,22634.08565
"Bahamas, The",BHS,2015,11861900000,31699.35863
Bosnia and Herzegovina,BIH,2015,16219819344,4729.690054
Belarus,BLR,2015,56454734397,5967.052204
Belize,BLZ,2015,1734320479,4805.196852
Bermuda,BMU,2015,6654541000,102005.6256
Bolivia,BOL,2015,33000198249,3035.971655
Brazil,BRA,2015,1.80E+12,8813.989806
Barbados,BRB,2015,4724691213,16558.86478
Brunei Darussalam,BRN,2015,12930394938,31164.03625
Bhutan,BTN,2015,2003598213,2752.630172
Botswana,BWA,2015,13578754072,6402.910183
Central African Republic,CAF,2015,1695825708,377.4229177
Canada,CAN,2015,1.56E+12,43596.13554
Central Europe and the Baltics,CEB,2015,1.29E+12,12522.66106
Switzerland,CHE,2015,7.02E+11,84776.14217
Channel Islands,CHI,2015,,
Chile,CHL,2015,2.42E+11,13495.01061
China,CHN,2015,1.11E+13,8016.431435
Cote d'Ivoire,CIV,2015,45814637971,1972.545683
Cameroon,CMR,2015,32210232912,1382.50979
"Congo, Dem. Rep.",COD,2015,37917704900,497.3170391
"Congo, Rep.",COG,2015,11890259177,2448.523778
Colombia,COL,2015,2.93E+11,6175.87603
Comoros,COM,2015,966029542,1242.585608
Cabo Verde,CPV,2015,1596800287,3043.031382
Costa Rica,CRI,2015,56441917653,11642.77805
Caribbean small states,CSS,2015,73535009882,10181.80616
Cuba,CUB,2015,87133000000,7694.014637
Curacao,CUW,2015,3042737430,19260.26985
Cayman Islands,CYM,2015,4708336756,76284.1943
Cyprus,CYP,2015,19842404305,23408.33594
Czech Republic,CZE,2015,1.88E+11,17829.69832
Germany,DEU,2015,3.36E+12,41103.25644
Djibouti,DJI,2015,2424391785,2652.513228
Dominica,DMA,2015,540737037,7597.288894
Denmark,DNK,2015,3.03E+11,53254.85637
Dominican Republic,DOM,2015,71164825257,6921.520594
Algeria,DZA,2015,1.66E+11,4177.889542
East Asia & Pacific (excluding high income),EAP,2015,1.33E+13,6511.258118
Early-demographic dividend,EAR,2015,1.01E+13,3244.237034
East Asia & Pacific,EAS,2015,2.20E+13,9599.414082
Europe & Central Asia (excluding high income),ECA,2015,2.92E+12,7485.826926
Europe & Central Asia,ECS,2015,2.05E+13,22624.91539
Ecuador,ECU,2015,99290381000,6124.490887
"Egypt, Arab Rep.",EGY,2015,3.29E+11,3562.932658
Euro area,EMU,2015,1.17E+13,34388.28378
Eritrea,ERI,2015,,
Spain,ESP,2015,1.20E+12,25742.36883
Estonia,EST,2015,22890762090,17402.03761
Ethiopia,ETH,2015,64589334979,640.5419231
European Union,EUU,2015,1.36E+13,30485.02881
Fragile and conflict affected situations,FCS,2015,1.63E+12,1884.473311
Finland,FIN,2015,2.35E+11,42801.90812
Fiji,FJI,2015,4682546863,5390.714207
France,FRA,2015,2.44E+12,36652.92231
Faroe Islands,FRO,2015,2561824641,53310.26201
"Micronesia, Fed. Sts.",FSM,2015,316489900,2906.617012
Gabon,GAB,2015,14383107714,7384.700704
United Kingdom,GBR,2015,2.96E+12,45404.56777
Georgia,GEO,2015,14953950557,4014.185944
Ghana,GHA,2015,49406568433,1774.074771
Gibraltar,GIB,2015,,
Guinea,GIN,2015,8794202444,769.2554754
"Gambia, The",GMB,2015,1378176868,660.7235712
Guinea-Bissau,GNB,2015,1048229629,603.3993815
Equatorial Guinea,GNQ,2015,13185496836,11283.39802
Greece,GRC,2015,1.96E+11,18083.87791
Grenada,GRD,2015,997007925.9,9096.538652
Greenland,GRL,2015,2499115623,44536.40131
Guatemala,GTM,2015,62186186576,3994.636913
Guam,GUM,2015,5799000000,35829.25036
Guyana,GUY,2015,4279840194,5576.825852
High income,HIC,2015,4.83E+13,39847.26178
"Hong Kong SAR, China",HKG,2015,3.09E+11,42431.88828
Honduras,HND,2015,20979767785,2302.204411
Heavily indebted poor countries (HIPC),HPC,2015,6.94E+11,965.7695501
Croatia,HRV,2015,50163192883,11933.37738
Haiti,HTI,2015,14833154472,1386.854191
Hungary,HUN,2015,1.25E+11,12720.71202
IBRD only,IBD,2015,2.58E+13,5547.679602
IDA & IBRD total,IBT,2015,2.79E+13,4509.589868
IDA total,IDA,2015,2.05E+12,1342.999404
IDA blend,IDB,2015,1.01E+12,1972.147153
Indonesia,IDN,2015,8.61E+11,3331.695115
IDA only,IDX,2015,1.04E+12,1024.886105
Isle of Man,IMN,2015,7085288006,85126.97047
India,IND,2015,2.10E+12,1605.605445
Not classified,INX,2015,,
Ireland,IRL,2015,2.92E+11,62012.48493
"Iran, Islamic Rep.",IRN,2015,4.08E+11,5200.680787
Iraq,IRQ,2015,1.67E+11,4688.318017
Iceland,ISL,2015,17517210519,52951.68151
Israel,ISR,2015,3.00E+11,35808.43643
Italy,ITA,2015,1.84E+12,30242.38614
Jamaica,JAM,2015,14188935948,4907.927415
Jordan,JOR,2015,38587017887,4164.108769
Japan,JPN,2015,4.44E+12,34960.63938
Kazakhstan,KAZ,2015,1.84E+11,10510.77189
Kenya,KEN,2015,70120413329,1464.554009
Kyrgyz Republic,KGZ,2015,6678178340,1121.082835
Cambodia,KHM,2015,18049954289,1162.904995
Kiribati,KIR,2015,170291002,1535.162783
St. Kitts and Nevis,KNA,2015,958407222.2,18717.42876
"Korea, Rep.",KOR,2015,1.47E+12,28732.23108
Kuwait,KWT,2015,1.15E+11,29869.55275
Latin America & Caribbean (excluding high income),LAC,2015,4.60E+12,8203.003864
Lao PDR,LAO,2015,14426381187,2140.044323
Lebanon,LBN,2015,49929337837,7643.008718
Liberia,LBR,2015,3227075700,721.5810505
Libya,LBY,2015,48717854040,7590.442981
St. Lucia,LCA,2015,1808079889,10093.61802
Latin America & Caribbean,LCN,2015,5.37E+12,8629.009605
Least developed countries: UN classification,LDC,2015,9.50E+11,1009.424564
Low income,LIC,2015,4.75E+11,791.7100264
Liechtenstein,LIE,2015,6268391521,167313.2663
Sri Lanka,LKA,2015,80604080689,3843.780672
Lower middle income,LMC,2015,6.53E+12,2109.3345
Low & middle income,LMY,2015,2.67E+13,4366.051099
Lesotho,LSO,2015,2359759799,1146.064688
Late-demographic dividend,LTE,2015,1.85E+13,8208.051873
Lithuania,LTU,2015,41435533340,14263.96458
Luxembourg,LUX,2015,60071584216,105462.0126
Latvia,LVA,2015,27263090547,13786.4568
"Macao SAR, China",MAC,2015,45047964934,74818.94813
St. Martin (French part),MAF,2015,,
Morocco,MAR,2015,1.01E+11,2875.258057
Monaco,MCO,2015,6261622101,165989.5051
Moldova,MDA,2015,7745241913,2732.46073
Madagascar,MDG,2015,11323020829,467.2354316
Maldives,MDV,2015,4109424800,9033.41027
Middle East & North Africa,MEA,2015,3.14E+12,7375.464756
Mexico,MEX,2015,1.17E+12,9616.645558
Marshall Islands,MHL,2015,183814300,3199.886846
Middle income,MIC,2015,2.62E+13,4755.93561
North Macedonia,MKD,2015,10064515432,4861.553971
Mali,MLI,2015,13104764379,751.4728892
Malta,MLT,2015,11091434484,24921.60368
Myanmar,MMR,2015,63045305229,1196.743333
Middle East & North Africa (excluding high income),MNA,2015,1.43E+12,3931.556278
Montenegro,MNE,2015,4054728173,6517.189614
Mongolia,MNG,2015,11619892396,3875.321675
Northern Mariana Islands,MNP,2015,910000000,16314.38355
Mozambique,MOZ,2015,15950979333,589.8594314
Mauritania,MRT,2015,6166863960,1524.073317
Mauritius,MUS,2015,11692287066,9260.447303
Malawi,MWI,2015,6373212641,380.5969877
Malaysia,MYS,2015,3.01E+11,9955.242722
North America,NAC,2015,1.98E+13,55452.42138
Namibia,NAM,2015,11335179562,4896.61526
New Caledonia,NCL,2015,8738205837,32520.30457
Niger,NER,2015,9683867894,484.1531374
Nigeria,NGA,2015,4.87E+11,2687.480056
Nicaragua,NIC,2015,12756706583,2049.851666
Netherlands,NLD,2015,7.66E+11,45193.40322
Norway,NOR,2015,3.86E+11,74355.51586
Nepal,NPL,2015,24360795411,901.7496077
Nauru,NRU,2015,86529661.37,8341.012278
New Zealand,NZL,2015,1.78E+11,38630.72659
OECD members,OED,2015,4.74E+13,35590.73172
Oman,OMN,2015,78710793238,18444.927
Other small states,OSS,2015,3.70E+11,12780.72639
Pakistan,PAK,2015,2.71E+11,1356.667831
Panama,PAN,2015,54091713800,13630.30115
Peru,PER,2015,1.90E+11,6229.100674
Philippines,PHL,2015,3.06E+11,3001.043182
Palau,PLW,2015,280457700,15876.46193
Papua New Guinea,PNG,2015,21723531173,2679.346579
Poland,POL,2015,4.78E+11,12578.49547
Pre-demographic dividend,PRE,2015,1.32E+12,1563.731184
Puerto Rico,PRI,2015,1.03E+11,29763.4883
"Korea, Dem. People's Rep.",PRK,2015,,
Portugal,PRT,2015,1.99E+11,19250.10654
Paraguay,PRY,2015,36211372703,5413.776021
West Bank and Gaza,PSE,2015,13972400000,3272.154324
Pacific island small states,PSS,2015,9020208144,3832.551181
Post-demographic dividend,PST,2015,4.46E+13,40669.04208
French Polynesia,PYF,2015,5325848045,19500.10086
Qatar,QAT,2015,1.62E+11,63039.11263
Romania,ROU,2015,1.78E+11,8969.148921
Russian Federation,RUS,2015,1.36E+12,9313.013672
Rwanda,RWA,2015,8539424910,751.1105055
South Asia,SAS,2015,2.70E+12,1543.048131
Saudi Arabia,SAU,2015,6.54E+11,20627.92178
Sudan,SDN,2015,84985132167,2184.542236
Senegal,SEN,2015,17774766636,1219.249415
Singapore,SGP,2015,3.08E+11,55646.61875
Solomon Islands,SLB,2015,1307082934,2167.155394
Sierra Leone,SLE,2015,4218723875,588.2288628
El Salvador,SLV,2015,23438240000,3705.579704
San Marino,SMR,2015,1419394763,42662.90241
Somalia,SOM,2015,5331761394,386.437817
Serbia,SRB,2015,39655958843,5588.980728
Sub-Saharan Africa (excluding high income),SSA,2015,1.68E+12,1691.410566
South Sudan,SSD,2015,11997800760,1119.651437
Sub-Saharan Africa,SSF,2015,1.68E+12,1692.674294
Small states,SST,2015,4.53E+11,11746.83968
Sao Tome and Principe,STP,2015,316066072.3,1584.775657
Suriname,SUR,2015,5126291451,9168.237157
Slovak Republic,SVK,2015,88636928905,16342.21626
Slovenia,SVN,2015,43107506024,20890.16643
Sweden,SWE,2015,5.05E+11,51545.48361
Eswatini,SWZ,2015,4063245671,3680.349473
Sint Maarten (Dutch part),SXM,2015,1253072626,32274.89055
Seychelles,SYC,2015,1415998663,15157.50183
Syrian Arab Republic,SYR,2015,17622064892,979.1444387
Turks and Caicos Islands,TCA,2015,942070000,26183.88504
Chad,TCD,2015,10950392220,776.0197523
East Asia & Pacific (IDA & IBRD countries),TEA,2015,1.33E+13,6583.953456
Europe & Central Asia (IDA & IBRD countries),TEC,2015,3.63E+12,8019.897882
Togo,TGO,2015,4180866177,570.9099672
Thailand,THA,2015,4.01E+11,5840.053067
Tajikistan,TJK,2015,8271454301,978.4049812
Turkmenistan,TKM,2015,35799714286,6432.685325
Latin America & the Caribbean (IDA & IBRD countries),TLA,2015,5.14E+12,8480.625831
Timor-Leste,TLS,2015,1594410900,1332.791856
Middle East & North Africa (IDA & IBRD countries),TMN,2015,1.42E+12,3939.384091
Tonga,TON,2015,437006227.2,4336.239603
South Asia (IDA & IBRD),TSA,2015,2.70E+12,1543.048131
Sub-Saharan Africa (IDA & IBRD countries),TSS,2015,1.68E+12,1692.674294
Trinidad and Tobago,TTO,2015,25191551350,18383.5387
Tunisia,TUN,2015,45780128467,4094.841602
Turkiye,TUR,2015,8.64E+11,11006.27952
Tuvalu,TUV,2015,36811659.53,3316.664522
Tanzania,TZA,2015,47378599025,947.9333496
Uganda,UGA,2015,32387183845,847.2676289
Ukraine,UKR,2015,91030959455,2124.662354
Upper middle income,UMC,2015,1.97E+13,8149.75184
Uruguay,URY,2015,53274304222,15613.74597
United States,USA,2015,1.82E+13,56762.72945
Uzbekistan,UZB,2015,86196265192,2753.971072
St. Vincent and the Grenadines,VCT,2015,786554580.8,7207.170759
"Venezuela, RB",VEN,2015,,
British Virgin Islands,VGB,2015,,
Virgin Islands (U.S.),VIR,2015,3663000000,34007.35294
Vietnam,VNM,2015,2.39E+11,2581.622442
Vanuatu,VUT,2015,730870581.7,2695.666186
World,WLD,2015,7.52E+13,10231.70259
Samoa,WSM,2015,788307314.9,4073.729083
Kosovo,XKX,2015,6295820482,3520.766449
"Yemen, Rep.",YEM,2015,42444495590,1601.807163
South Africa,ZAF,2015,3.47E+11,6259.839681
Zambia,ZMB,2015,21251216799,1338.290927
Zimbabwe,ZWE,2015,19963120600,1445.069702
Aruba,ABW,2016,2983798883,28453.71556
Africa Eastern and Southern,AFE,2016,8.82E+11,1446.533624
Afghanistan,AFG,2016,18116562465,512.0127781
Africa Western and Central,AFW,2016,6.91E+11,1673.843681
Angola,AGO,2016,49840494026,1728.023754
Albania,ALB,2016,11861199831,4124.05539
Andorra,AND,2016,2896610480,37474.74584
Arab World,ARB,2016,2.50E+12,6177.227235
United Arab Emirates,ARE,2016,3.57E+11,38141.87689
Argentina,ARG,2016,5.58E+11,12790.24247
Armenia,ARM,2016,10546135160,3591.828052
American Samoa,ASM,2016,671000000,12038.2497
Antigua and Barbuda,ATG,2016,1436585185,15198.74297
Australia,AUS,2016,1.21E+12,49881.76371
Austria,AUT,2016,3.96E+11,45307.58786
Azerbaijan,AZE,2016,37867518957,3880.738731
Burundi,BDI,2016,2639321196,251.6514772
Belgium,BEL,2016,4.76E+11,42012.62272
Benin,BEN,2016,11821066153,1087.287331
Burkina Faso,BFA,2016,12833363370,688.2506963
Bangladesh,BGD,2016,2.65E+11,1678.95323
Bulgaria,BGR,2016,53953897624,7569.478815
Bahrain,BHR,2016,32234973404,22608.45256
"Bahamas, The",BHS,2016,11834600000,31314.84456
Bosnia and Herzegovina,BIH,2016,16914287593,4994.971623
Belarus,BLR,2016,47722657821,5039.681886
Belize,BLZ,2016,1796928937,4877.670506
Bermuda,BMU,2016,6899911000,106885.8785
Bolivia,BOL,2016,33941126194,3076.656439
Brazil,BRA,2016,1.80E+12,8710.06329
Barbados,BRB,2016,4832811756,16909.88655
Brunei Darussalam,BRN,2016,11400854268,27158.40565
Bhutan,BTN,2016,2158972129,2930.574923
Botswana,BWA,2016,15082578065,6982.917492
Central African Republic,CAF,2016,1825018191,402.1916451
Canada,CAN,2016,1.53E+12,42315.60371
Central Europe and the Baltics,CEB,2016,1.32E+12,12831.40994
Switzerland,CHE,2016,6.96E+11,83073.28008
Channel Islands,CHI,2016,,
Chile,CHL,2016,2.49E+11,13690.90746
China,CHN,2016,1.12E+13,8094.363367
Cote d'Ivoire,CIV,2016,47964234560,2013.381448
Cameroon,CMR,2016,33814337900,1413.255957
"Congo, Dem. Rep.",COD,2016,37134799975,471.3188225
"Congo, Rep.",COG,2016,10219341017,2051.666176
Colombia,COL,2016,2.83E+11,5870.777957
Comoros,COM,2016,1012835518,1273.050952
Cabo Verde,CPV,2016,1663008687,3131.017598
Costa Rica,CRI,2016,58847016045,12011.22275
Caribbean small states,CSS,2016,69478366695,9557.667766
Cuba,CUB,2016,91370000000,8060.796598
Curacao,CUW,2016,3014748603,18881.83062
Cayman Islands,CYM,2016,4909498943,78471.62814
Cyprus,CYP,2016,20953442550,24605.91992
Czech Republic,CZE,2016,1.96E+11,18575.23203
Germany,DEU,2016,3.47E+12,42136.12079
Djibouti,DJI,2016,2604955229,2803.689125
Dominica,DMA,2016,576229629.6,8080.968623
Denmark,DNK,2016,3.13E+11,54663.99837
Dominican Republic,DOM,2016,75704720190,7280.88361
Algeria,DZA,2016,1.60E+11,3946.452447
East Asia & Pacific (excluding high income),EAP,2016,1.36E+13,6600.764194
Early-demographic dividend,EAR,2016,1.05E+13,3303.710575
East Asia & Pacific,EAS,2016,2.28E+13,9867.865824
Europe & Central Asia (excluding high income),ECA,2016,2.78E+12,7070.965425
Europe & Central Asia,ECS,2016,2.05E+13,22455.14736
Ecuador,ECU,2016,99937696000,6060.092962
"Egypt, Arab Rep.",EGY,2016,3.32E+11,3519.87324
Euro area,EMU,2016,1.20E+13,35163.47243
Eritrea,ERI,2016,,
Spain,ESP,2016,1.23E+12,26523.34822
Estonia,EST,2016,24072829277,18295.34293
Ethiopia,ETH,2016,74296618481,717.1248698
European Union,EUU,2016,1.39E+13,31186.51062
Fragile and conflict affected situations,FCS,2016,1.51E+12,1709.943472
Finland,FIN,2016,2.41E+11,43814.02651
Fiji,FJI,2016,4930204230,5651.272721
France,FRA,2016,2.47E+12,37062.53357
Faroe Islands,FRO,2016,2804863556,58224.80551
"Micronesia, Fed. Sts.",FSM,2016,332265200,3014.700358
Gabon,GAB,2016,14023890620,6984.419712
United Kingdom,GBR,2016,2.72E+12,41499.5557
Georgia,GEO,2016,15141758567,4062.169888
Ghana,GHA,2016,56165172899,1971.956935
Gibraltar,GIB,2016,,
Guinea,GIN,2016,8595955581,732.2915119
"Gambia, The",GMB,2016,1484579844,690.7804932
Guinea-Bissau,GNB,2016,1179004941,661.4578387
Equatorial Guinea,GNQ,2016,11240809132,9250.316728
Greece,GRC,2016,1.93E+11,17923.96681
Grenada,GRD,2016,1061640741,9628.259169
Greenland,GRL,2016,2707146783,48181.87419
Guatemala,GTM,2016,66053725049,4173.301666
Guam,GUM,2016,5901000000,36214.00692
Guyana,GUY,2016,4482697337,5811.397924
High income,HIC,2016,4.93E+13,40475.17746
"Hong Kong SAR, China",HKG,2016,3.21E+11,43733.91636
Honduras,HND,2016,21717622071,2342.584904
Heavily indebted poor countries (HIPC),HPC,2016,7.29E+11,987.1093103
Croatia,HRV,2016,52295158344,12527.73986
Haiti,HTI,2016,13987693739,1290.380508
Hungary,HUN,2016,1.29E+11,13107.37791
IBRD only,IBD,2016,2.60E+13,5540.167966
IDA & IBRD total,IBT,2016,2.81E+13,4493.836521
IDA total,IDA,2016,2.10E+12,1342.913778
IDA blend,IDB,2016,9.77E+11,1861.940378
Indonesia,IDN,2016,9.32E+11,3562.816334
IDA only,IDX,2016,1.12E+12,1080.258622
Isle of Man,IMN,2016,6846691871,82197.12677
India,IND,2016,2.29E+12,1732.554242
Not classified,INX,2016,,
Ireland,IRL,2016,2.99E+11,62861.63912
"Iran, Islamic Rep.",IRN,2016,4.58E+11,5755.802448
Iraq,IRQ,2016,1.67E+11,4550.658638
Iceland,ISL,2016,20793168031,61987.92636
Israel,ISR,2016,3.19E+11,37330.2618
Italy,ITA,2016,1.88E+12,30960.73151
Jamaica,JAM,2016,14077109397,4843.7499
Jordan,JOR,2016,39892551127,4175.356602
Japan,JPN,2016,5.00E+12,39375.47316
Kazakhstan,KAZ,2016,1.37E+11,7714.841844
Kenya,KEN,2016,74815121315,1525.235192
Kyrgyz Republic,KGZ,2016,6813092066,1120.666513
Cambodia,KHM,2016,20016747754,1269.591499
Kiribati,KIR,2016,178509814.1,1586.344978
St. Kitts and Nevis,KNA,2016,1008942296,19542.16228
"Korea, Rep.",KOR,2016,1.50E+12,29288.87044
Kuwait,KWT,2016,1.09E+11,27653.15762
Latin America & Caribbean (excluding high income),LAC,2016,4.47E+12,7885.57463
Lao PDR,LAO,2016,15912495369,2324.400917
Lebanon,LBN,2016,51147308774,7617.689634
Liberia,LBR,2016,3398419600,740.914906
Libya,LBY,2016,49910960875,7687.882134
St. Lucia,LCA,2016,1865513430,10362.35158
Latin America & Caribbean,LCN,2016,5.25E+12,8350.020625
Least developed countries: UN classification,LDC,2016,9.88E+11,1025.998979
Low income,LIC,2016,4.71E+11,764.7048854
Liechtenstein,LIE,2016,6237264055,165642.3863
Sri Lanka,LKA,2016,82401038710,3886.291502
Lower middle income,LMC,2016,6.89E+12,2193.471208
Low & middle income,LMY,2016,2.69E+13,4349.147276
Lesotho,LSO,2016,2114020380,1018.784872
Late-demographic dividend,LTE,2016,1.86E+13,8179.070874
Lithuania,LTU,2016,43047309306,15008.31324
Luxembourg,LUX,2016,62216885436,106899.2935
Latvia,LVA,2016,28083597512,14331.75159
"Macao SAR, China",MAC,2016,45070605746,73545.75824
St. Martin (French part),MAF,2016,,
Morocco,MAR,2016,1.03E+11,2896.722168
Monaco,MCO,2016,6472990923,170028.6557
Moldova,MDA,2016,8071469355,2880.43529
Madagascar,MDG,2016,11848613735,475.9555568
Maldives,MDV,2016,4379136462,9209.443564
Middle East & North Africa,MEA,2016,3.17E+12,7307.448457
Mexico,MEX,2016,1.08E+12,8744.515559
Marshall Islands,MHL,2016,201510900,3490.998389
Middle income,MIC,2016,2.64E+13,4745.70858
North Macedonia,MKD,2016,10672471861,5149.589074
Mali,MLI,2016,14026048334,780.7235497
Malta,MLT,2016,11668286795,25624.53727
Myanmar,MMR,2016,60291736894,1136.610627
Middle East & North Africa (excluding high income),MNA,2016,1.47E+12,3962.898791
Montenegro,MNE,2016,4376929572,7033.438006
Mongolia,MNG,2016,11181350461,3658.3903
Northern Mariana Islands,MNP,2016,1230000000,21891.18479
Mozambique,MOZ,2016,11936993087,428.9264503
Mauritania,MRT,2016,6398747532,1536.855615
Mauritius,MUS,2016,12232463656,9681.618567
Malawi,MWI,2016,5433040160,315.7779871
Malaysia,MYS,2016,3.01E+11,9817.78709
North America,NAC,2016,2.02E+13,56312.43488
Namibia,NAM,2016,10721994677,4546.986688
New Caledonia,NCL,2016,8724570250,32391.20197
Niger,NER,2016,10398862245,500.2149113
Nigeria,NGA,2016,4.05E+11,2176.002772
Nicaragua,NIC,2016,13286083645,2107.57406
Netherlands,NLD,2016,7.84E+11,46039.10593
Norway,NOR,2016,3.69E+11,70460.56053
Nepal,NPL,2016,24524098185,899.523581
Nauru,NRU,2016,99723394.96,9521.042101
New Zealand,NZL,2016,1.89E+11,40058.19616
OECD members,OED,2016,4.84E+13,36037.76772
Oman,OMN,2016,75128738622,16772.73921
Other small states,OSS,2016,3.66E+11,12385.43331
Pakistan,PAK,2016,3.14E+11,1540.184503
Panama,PAN,2016,57907695400,14343.98026
Peru,PER,2016,1.92E+11,6204.996457
Philippines,PHL,2016,3.19E+11,3073.654686
Palau,PLW,2016,298300000,16835.986
Papua New Guinea,PNG,2016,20759069103,2509.629637
Poland,POL,2016,4.73E+11,12447.43959
Pre-demographic dividend,PRE,2016,1.21E+12,1396.061296
Puerto Rico,PRI,2016,1.04E+11,30627.1634
"Korea, Dem. People's Rep.",PRK,2016,,
Portugal,PRT,2016,2.06E+11,19991.97249
Paraguay,PRY,2016,36089550659,5324.609068
West Bank and Gaza,PSE,2016,15405400000,3527.613824
Pacific island small states,PSS,2016,9461610628,3965.895179
Post-demographic dividend,PST,2016,4.56E+13,41401.37787
French Polynesia,PYF,2016,5497037293,20020.09386
Qatar,QAT,2016,1.52E+11,57162.96801
Romania,ROU,2016,1.88E+11,9548.587403
Russian Federation,RUS,2016,1.28E+12,8704.898438
Rwanda,RWA,2016,8690878328,744.7943858
South Asia,SAS,2016,3.01E+12,1696.739629
Saudi Arabia,SAU,2016,6.45E+11,19878.76817
Sudan,SDN,2016,1.03E+11,2583.447266
Senegal,SEN,2016,19040312815,1269.903294
Singapore,SGP,2016,3.19E+11,56860.41324
Solomon Islands,SLB,2016,1378543909,2225.475204
Sierra Leone,SLE,2016,3674794530,501.4151655
El Salvador,SLV,2016,24191430000,3805.995686
San Marino,SMR,2016,1468377242,43828.23155
Somalia,SOM,2016,5529873480,389.8220615
Serbia,SRB,2016,40692643373,5765.200762
Sub-Saharan Africa (excluding high income),SSA,2016,1.57E+12,1536.929331
South Sudan,SSD,2016,,
Sub-Saharan Africa,SSF,2016,1.57E+12,1538.244417
Small states,SST,2016,4.45E+11,11348.57057
Sao Tome and Principe,STP,2016,345495615,1700.097997
Suriname,SUR,2016,3317438911,5872.789429
Slovak Republic,SVK,2016,89674927723,16512.29299
Slovenia,SVN,2016,44766722791,21678.35947
Sweden,SWE,2016,5.16E+11,51965.15715
Eswatini,SWZ,2016,3816022047,3425.531957
Sint Maarten (Dutch part),SXM,2016,1263687151,31616.6817
Seychelles,SYC,2016,1490226454,15740.11063
Syrian Arab Republic,SYR,2016,12453459335,713.029204
Turks and Caicos Islands,TCA,2016,1032452000,28241.47929
Chad,TCD,2016,10097778354,693.4497674
East Asia & Pacific (IDA & IBRD countries),TEA,2016,1.36E+13,6674.255578
Europe & Central Asia (IDA & IBRD countries),TEC,2016,3.49E+12,7677.406606
Togo,TGO,2016,6031632168,803.1518934
Thailand,THA,2016,4.13E+11,5993.305516
Tajikistan,TJK,2016,6992393787,807.1025861
Turkmenistan,TKM,2016,36169428571,6387.682575
Latin America & the Caribbean (IDA & IBRD countries),TLA,2016,5.01E+12,8185.147519
Timor-Leste,TLS,2016,1650618500,1353.754934
Middle East & North Africa (IDA & IBRD countries),TMN,2016,1.45E+12,3968.09362
Tonga,TON,2016,420540178.6,4157.877249
South Asia (IDA & IBRD),TSA,2016,3.01E+12,1696.739629
Sub-Saharan Africa (IDA & IBRD countries),TSS,2016,1.57E+12,1538.244417
Trinidad and Tobago,TTO,2016,22373566810,16241.41096
Tunisia,TUN,2016,44360614525,3924.349092
Turkiye,TUR,2016,8.70E+11,10894.60338
Tuvalu,TUV,2016,41629497.47,3706.329903
Tanzania,TZA,2016,49774021003,966.5029907
Uganda,UGA,2016,29203988815,736.5598474
Ukraine,UKR,2016,93355993629,2187.730469
Upper middle income,UMC,2016,1.95E+13,8041.062324
Uruguay,URY,2016,57236652490,16715.63347
United States,USA,2016,1.87E+13,57866.74493
Uzbekistan,UZB,2016,86138288615,2704.677188
St. Vincent and the Grenadines,VCT,2016,814302267.1,7438.792212
"Venezuela, RB",VEN,2016,,
British Virgin Islands,VGB,2016,,
Virgin Islands (U.S.),VIR,2016,3798000000,35324.97489
Vietnam,VNM,2016,2.57E+11,2745.565588
Vanuatu,VUT,2016,780889605.9,2805.66532
World,WLD,2016,7.65E+13,10286.41133
Samoa,WSM,2016,799493897.5,4109.663296
Kosovo,XKX,2016,6682832632,3759.560246
"Yemen, Rep.",YEM,2016,31317828584,1152.738019
South Africa,ZAF,2016,3.24E+11,5756.965741
Zambia,ZMB,2016,20958412538,1280.806543
Zimbabwe,ZWE,2016,20548678100,1464.588957
Aruba,ABW,2017,3092178771,29348.41897
Africa Eastern and Southern,AFE,2017,1.02E+12,1629.404273
Afghanistan,AFG,2017,18753469630,516.6798622
Africa Western and Central,AFW,2017,6.84E+11,1613.490478
Angola,AGO,2017,68972763787,2313.220584
Albania,ALB,2017,13019689337,4531.019374
Andorra,AND,2017,3000162081,38964.66201
Arab World,ARB,2017,2.58E+12,6272.949782
United Arab Emirates,ARE,2017,3.86E+11,40644.79119
Argentina,ARG,2017,6.44E+11,14613.04182
Armenia,ARM,2017,11527458566,3914.527854
American Samoa,ASM,2017,612000000,11003.82976
Antigua and Barbuda,ATG,2017,1467977778,15383.5764
Australia,AUS,2017,1.33E+12,53934.25018
Austria,AUT,2017,4.17E+11,47429.15846
Azerbaijan,AZE,2017,40865558912,4147.089716
Burundi,BDI,2017,2712324087,250.5146007
Belgium,BEL,2017,5.03E+11,44198.48239
Benin,BEN,2017,12701654743,1136.593872
Burkina Faso,BFA,2017,14106956830,734.996268
Bangladesh,BGD,2017,2.94E+11,1839.583378
Bulgaria,BGR,2017,59199447421,8366.293221
Bahrain,BHR,2017,35473776596,23742.93734
"Bahamas, The",BHS,2017,12357600000,32371.00818
Bosnia and Herzegovina,BIH,2017,18079076427,5394.26914
Belarus,BLR,2017,54726595249,5785.670673
Belize,BLZ,2017,1844906693,4909.604664
Bermuda,BMU,2017,7142316000,111820.5815
Bolivia,BOL,2017,37508642171,3351.124344
Brazil,BRA,2017,2.06E+12,9928.675897
Barbados,BRB,2017,4981588900,17404.20747
Brunei Darussalam,BRN,2017,12128104859,28571.60829
Bhutan,BTN,2017,2450364928,3286.596744
Botswana,BWA,2017,16088437675,7296.092142
Central African Republic,CAF,2017,2072349974,450.900697
Canada,CAN,2017,1.65E+12,45129.4293
Central Europe and the Baltics,CEB,2017,1.46E+12,14254.7381
Switzerland,CHE,2017,7.04E+11,83352.08865
Channel Islands,CHI,2017,,
Chile,CHL,2017,2.76E+11,14962.55685
China,CHN,2017,1.23E+13,8816.986905
Cote d'Ivoire,CIV,2017,51588158718,2111.026557
Cameroon,CMR,2017,36098550142,1469.4475
"Congo, Dem. Rep.",COD,2017,38019265626,467.0742317
"Congo, Rep.",COG,2017,11094823677,2170.900563
Colombia,COL,2017,3.12E+11,6376.706716
Comoros,COM,2017,1077439663,1323.814843
Cabo Verde,CPV,2017,1769787215,3292.633503
Costa Rica,CRI,2017,60516043590,12225.57449
Caribbean small states,CSS,2017,72533236071,9915.744684
Cuba,CUB,2017,96851000000,8541.213686
Curacao,CUW,2017,3009497207,18788.80728
Cayman Islands,CYM,2017,5166467287,81513.16283
Cyprus,CYP,2017,22870833710,26608.875
Czech Republic,CZE,2017,2.19E+11,20636.19995
Germany,DEU,2017,3.69E+12,44652.58917
Djibouti,DJI,2017,2762581334,2926.153304
Dominica,DMA,2017,521551851.9,7298.51458
Denmark,DNK,2017,3.32E+11,57610.09818
Dominican Republic,DOM,2017,79997975622,7609.353275
Algeria,DZA,2017,1.70E+11,4109.698217
East Asia & Pacific (excluding high income),EAP,2017,1.49E+13,7159.45138
Early-demographic dividend,EAR,2017,1.13E+13,3521.381645
East Asia & Pacific,EAS,2017,2.43E+13,10466.42427
Europe & Central Asia (excluding high income),ECA,2017,3.12E+12,7889.016899
Europe & Central Asia,ECS,2017,2.17E+13,23704.3284
Ecuador,ECU,2017,1.04E+11,6213.503127
"Egypt, Arab Rep.",EGY,2017,2.36E+11,2444.290387
Euro area,EMU,2017,1.27E+13,37154.48194
Eritrea,ERI,2017,,
Spain,ESP,2017,1.31E+12,28170.16786
Estonia,EST,2017,26924385103,20437.76538
Ethiopia,ETH,2017,81770791971,768.5230154
European Union,EUU,2017,1.48E+13,33094.40835
Fragile and conflict affected situations,FCS,2017,1.58E+12,1754.843556
Finland,FIN,2017,2.56E+11,46412.13648
Fiji,FJI,2017,5353404422,6101.02389
France,FRA,2017,2.60E+12,38781.04949
Faroe Islands,FRO,2017,2969876872,61455.05261
"Micronesia, Fed. Sts.",FSM,2017,366666800,3289.642117
Gabon,GAB,2017,14929488771,7230.434912
United Kingdom,GBR,2017,2.70E+12,40857.75558
Georgia,GEO,2017,16242916916,4357.000936
Ghana,GHA,2017,60406382899,2074.290733
Gibraltar,GIB,2017,,
Guinea,GIN,2017,10324668267,855.5752706
"Gambia, The",GMB,2017,1504909753,679.7550717
Guinea-Bissau,GNB,2017,1350177128,738.5499449
Equatorial Guinea,GNQ,2017,12200912828,9667.856962
Greece,GRC,2017,2.00E+11,18582.08934
Grenada,GRD,2017,1125685185,10152.83281
Greenland,GRL,2017,2851610656,50766.59942
Guatemala,GTM,2017,71654134379,4454.04815
Guam,GUM,2017,6013000000,36601.91988
Guyana,GUY,2017,4748174334,6124.95367
High income,HIC,2017,5.16E+13,42118.2044
"Hong Kong SAR, China",HKG,2017,3.41E+11,46160.42979
Honduras,HND,2017,23136232230,2453.727115
Heavily indebted poor countries (HIPC),HPC,2017,8.09E+11,1065.40861
Croatia,HRV,2017,56214427431,13629.28959
Haiti,HTI,2017,15035560373,1369.063734
Hungary,HUN,2017,1.43E+11,14623.69665
IBRD only,IBD,2017,2.88E+13,6058.914633
IDA & IBRD total,IBT,2017,3.09E+13,4879.042932
IDA total,IDA,2017,2.19E+12,1372.988159
IDA blend,IDB,2017,9.60E+11,1787.801592
Indonesia,IDN,2017,1.02E+12,3837.578024
IDA only,IDX,2017,1.23E+12,1162.971829
Isle of Man,IMN,2017,6979581725,83477.83429
India,IND,2017,2.65E+12,1980.66702
Not classified,INX,2017,,
Ireland,IRL,2017,3.35E+11,69774.02897
"Iran, Islamic Rep.",IRN,2017,4.87E+11,6032.065127
Iraq,IRQ,2017,1.87E+11,4985.452879
Iceland,ISL,2017,24728285177,72010.14903
Israel,ISR,2017,3.55E+11,40774.12961
Italy,ITA,2017,1.96E+12,32406.72032
Jamaica,JAM,2017,14808989993,5070.099503
Jordan,JOR,2017,41408960845,4231.51828
Japan,JPN,2017,4.93E+12,38834.05293
Kazakhstan,KAZ,2017,1.67E+11,9247.581331
Kenya,KEN,2017,82035800868,1633.491216
Kyrgyz Republic,KGZ,2017,7702934800,1242.769643
Cambodia,KHM,2017,22177200512,1385.260066
Kiribati,KIR,2017,188192060.1,1648.594957
St. Kitts and Nevis,KNA,2017,1060638333,20382.77987
"Korea, Rep.",KOR,2017,1.62E+12,31616.8434
Kuwait,KWT,2017,1.21E+11,29759.46747
Latin America & Caribbean (excluding high income),LAC,2017,4.99E+12,8699.475686
Lao PDR,LAO,2017,17071162084,2455.211559
Lebanon,LBN,2017,53027680686,7776.034642
Liberia,LBR,2017,3390703400,721.085044
Libya,LBY,2017,67158415842,10205.32483
St. Lucia,LCA,2017,1996771441,11034.62983
Latin America & Caribbean,LCN,2017,5.83E+12,9188.579683
Least developed countries: UN classification,LDC,2017,1.10E+12,1119.433811
Low income,LIC,2017,5.27E+11,834.4908817
Liechtenstein,LIE,2017,6474256119,171253.9643
Sri Lanka,LKA,2017,87428128124,4077.043841
Lower middle income,LMC,2017,7.40E+12,2322.906883
Low & middle income,LMY,2017,2.96E+13,4718.39202
Lesotho,LSO,2017,2306185361,1102.629728
Late-demographic dividend,LTE,2017,2.06E+13,9018.161029
Lithuania,LTU,2017,47758736932,16885.40739
Luxembourg,LUX,2017,65712180343,110193.2138
Latvia,LVA,2017,30483806018,15695.11515
"Macao SAR, China",MAC,2017,50440941939,81019.47377
St. Martin (French part),MAF,2017,,
Morocco,MAR,2017,1.10E+11,3035.454346
Monaco,MCO,2017,6431314957,167517.0597
Moldova,MDA,2017,9669741744,3509.686829
Madagascar,MDG,2017,13176313594,515.2933234
Maldives,MDV,2017,4754175869,9577.346946
Middle East & North Africa,MEA,2017,3.30E+12,7469.549834
Mexico,MEX,2017,1.16E+12,9287.849587
Marshall Islands,MHL,2017,213204100,3672.576783
Middle income,MIC,2017,2.90E+13,5154.4311
North Macedonia,MKD,2017,11307058382,5450.492881
Mali,MLI,2017,15365713059,830.0214445
Malta,MLT,2017,13505056442,28857.01987
Myanmar,MMR,2017,61449392056,1151.114464
Middle East & North Africa (excluding high income),MNA,2017,1.46E+12,3864.148677
Montenegro,MNE,2017,4856602179,7803.362579
Mongolia,MNG,2017,11480847745,3687.100003
Northern Mariana Islands,MNP,2017,1560000000,27584.74351
Mozambique,MOZ,2017,13219079498,461.4149278
Mauritania,MRT,2017,6800135962,1587.858904
Mauritius,MUS,2017,13259351418,10484.90836
Malawi,MWI,2017,8943543677,506.1372944
Malaysia,MYS,2017,3.19E+11,10259.30481
North America,NAC,2017,2.11E+13,58430.1986
Namibia,NAM,2017,12895153160,5367.114674
New Caledonia,NCL,2017,9173668102,33976.54853
Niger,NER,2017,11185102400,517.7715723
Nigeria,NGA,2017,3.76E+11,1968.565398
Nicaragua,NIC,2017,13785909906,2159.161926
Netherlands,NLD,2017,8.34E+11,48675.22234
Norway,NOR,2017,3.98E+11,75496.75406
Nepal,NPL,2017,28971589213,1048.453755
Nauru,NRU,2017,109359680.2,10339.38548
New Zealand,NZL,2017,2.07E+11,42924.9956
OECD members,OED,2017,5.05E+13,37377.57018
Oman,OMN,2017,80856697009,17329.18546
Other small states,OSS,2017,3.98E+11,13215.42974
Pakistan,PAK,2017,3.39E+11,1631.531909
Panama,PAN,2017,62202725200,15146.40851
Peru,PER,2017,2.11E+11,6710.507602
Philippines,PHL,2017,3.28E+11,3123.245642
Palau,PLW,2017,285300000,16019.98989
Papua New Guinea,PNG,2017,22742613554,2695.249009
Poland,POL,2017,5.27E+11,13864.68176
Pre-demographic dividend,PRE,2017,1.29E+12,1446.507196
Puerto Rico,PRI,2017,1.03E+11,31108.76057
"Korea, Dem. People's Rep.",PRK,2017,,
Portugal,PRT,2017,2.21E+11,21490.42986
Paraguay,PRY,2017,38997129474,5678.869972
West Bank and Gaza,PSE,2017,16128000000,3620.360487
Pacific island small states,PSS,2017,10217604992,4222.557375
Post-demographic dividend,PST,2017,4.76E+13,42995.85935
French Polynesia,PYF,2017,5833351478,21127.06433
Qatar,QAT,2017,1.61E+11,59124.86727
Romania,ROU,2017,2.12E+11,10807.00917
Russian Federation,RUS,2017,1.57E+12,10720.33301
Rwanda,RWA,2017,9252834120,772.2948846
South Asia,SAS,2017,3.43E+12,1911.329754
Saudi Arabia,SAU,2017,6.89E+11,20802.46179
Sudan,SDN,2017,1.30E+11,3178.314209
Senegal,SEN,2017,20996564752,1361.701972
Singapore,SGP,2017,3.43E+11,61150.7272
Solomon Islands,SLB,2017,1483793468,2332.898555
Sierra Leone,SLE,2017,3719369107,496.6822949
El Salvador,SLV,2017,24979190000,3910.254403
San Marino,SMR,2017,1528630705,45399.02898
Somalia,SOM,2017,5609000000,384.4634014
Serbia,SRB,2017,44179055280,6292.543629
Sub-Saharan Africa (excluding high income),SSA,2017,1.70E+12,1621.632341
South Sudan,SSD,2017,,
Sub-Saharan Africa,SSF,2017,1.70E+12,1622.982614
Small states,SST,2017,4.81E+11,12064.64049
Sao Tome and Principe,STP,2017,375614126.2,1813.807434
Suriname,SUR,2017,3591623596,6295.560562
Slovak Republic,SVK,2017,95393515078,17538.04858
Slovenia,SVN,2017,48589100043,23514.02546
Sweden,SWE,2017,5.41E+11,53791.50873
Eswatini,SWZ,2017,4402969226,3914.418484
Sint Maarten (Dutch part),SXM,2017,1191620112,29369.05683
Seychelles,SYC,2017,1573428277,16416.72607
Syrian Arab Republic,SYR,2017,16340665432,955.836559
Turks and Caicos Islands,TCA,2017,1022365000,27545.12879
Chad,TCD,2017,10000395242,665.9488849
East Asia & Pacific (IDA & IBRD countries),TEA,2017,1.49E+13,7238.969962
Europe & Central Asia (IDA & IBRD countries),TEC,2017,3.91E+12,8562.533645
Togo,TGO,2017,6395472574,830.7452767
Thailand,THA,2017,4.56E+11,6593.818352
Tajikistan,TJK,2017,7536439875,848.6723799
Turkmenistan,TKM,2017,37926285714,6587.092604
Latin America & the Caribbean (IDA & IBRD countries),TLA,2017,5.59E+12,9037.781171
Timor-Leste,TLS,2017,1615609700,1299.494635
Middle East & North Africa (IDA & IBRD countries),TMN,2017,1.44E+12,3867.06706
Tonga,TON,2017,460379145,4513.432531
South Asia (IDA & IBRD),TSA,2017,3.43E+12,1911.329754
Sub-Saharan Africa (IDA & IBRD countries),TSS,2017,1.70E+12,1622.982614
Trinidad and Tobago,TTO,2017,23180107752,16747.9067
Tunisia,TUN,2017,42164007605,3687.780316
Turkiye,TUR,2017,8.59E+11,10589.66772
Tuvalu,TUV,2017,45217657.88,3978.676452
Tanzania,TZA,2017,53320625959,1004.906616
Uganda,UGA,2017,30744473912,746.8307529
Ukraine,UKR,2017,1.12E+11,2638.326172
Upper middle income,UMC,2017,2.16E+13,8834.526226
Uruguay,URY,2017,64233966861,18690.89384
United States,USA,2017,1.95E+13,59914.7778
Uzbekistan,UZB,2017,62081323299,1916.764642
St. Vincent and the Grenadines,VCT,2017,847620214.8,7717.846546
"Venezuela, RB",VEN,2017,,
British Virgin Islands,VGB,2017,,
Virgin Islands (U.S.),VIR,2017,3794000000,35365.0693
Vietnam,VNM,2017,2.81E+11,2974.117229
Vanuatu,VUT,2017,880062103,3082.540055
World,WLD,2017,8.14E+13,10825.90237
Samoa,WSM,2017,832025556.1,4258.978675
Kosovo,XKX,2017,7180813376,4009.380987
"Yemen, Rep.",YEM,2017,26842231205,964.3403436
South Africa,ZAF,2017,3.81E+11,6690.939847
Zambia,ZMB,2017,25873601261,1535.196574
Zimbabwe,ZWE,2017,17584890937,1235.189032
Aruba,ABW,2018,3202234637,30253.71423
Africa Eastern and Southern,AFE,2018,9.91E+11,1541.031661
Afghanistan,AFG,2018,18053228579,485.6684187
Africa Western and Central,AFW,2018,7.42E+11,1704.135698
Angola,AGO,2018,77792940077,2524.942483
Albania,ALB,2018,15156432310,5287.663694
Andorra,AND,2018,3218419897,41793.31884
Arab World,ARB,2018,2.79E+12,6635.381394
United Arab Emirates,ARE,2018,4.22E+11,43839.32449
Argentina,ARG,2018,5.25E+11,11795.15939
Armenia,ARM,2018,12457941907,4220.540321
American Samoa,ASM,2018,639000000,11521.60978
Antigua and Barbuda,ATG,2018,1605944444,16679.59166
Australia,AUS,2018,1.43E+12,57180.7794
Austria,AUT,2018,4.55E+11,51486.5755
Azerbaijan,AZE,2018,47112941176,4739.84171
Burundi,BDI,2018,2660123624,238.0343096
Belgium,BEL,2018,5.43E+11,47549.20805
Benin,BEN,2018,14262407011,1241.825298
Burkina Faso,BFA,2018,15890065020,804.5005378
Bangladesh,BGD,2018,3.21E+11,1991.483267
Bulgaria,BGR,2018,66363422450,9446.700772
Bahrain,BHR,2018,37802005319,24086.30169
"Bahamas, The",BHS,2018,12755800000,33077.39183
Bosnia and Herzegovina,BIH,2018,20177422311,6070.35298
Belarus,BLR,2018,60031262269,6360.062473
Belize,BLZ,2018,1887465218,4927.194224
Bermuda,BMU,2018,7225977000,113050.7369
Bolivia,BOL,2018,40287647931,3548.59078
Brazil,BRA,2018,1.92E+12,9151.381732
Barbados,BRB,2018,5097283213,17782.87473
Brunei Darussalam,BRN,2018,13567351175,31628.47626
Bhutan,BTN,2018,2446866405,3243.477437
Botswana,BWA,2018,16914245098,7503.878588
Central African Republic,CAF,2018,2220978978,475.9538139
Canada,CAN,2018,1.73E+12,46548.63841
Central Europe and the Baltics,CEB,2018,1.65E+12,16047.2797
Switzerland,CHE,2018,7.36E+11,86388.40495
Channel Islands,CHI,2018,,
Chile,CHL,2018,2.95E+11,15772.33348
China,CHN,2018,1.39E+13,9905.342004
Cote d'Ivoire,CIV,2018,58011466451,2314.050958
Cameroon,CMR,2018,39973839065,1585.240534
"Congo, Dem. Rep.",COD,2018,47568210068,565.8295429
"Congo, Rep.",COG,2018,13670038020,2606.615526
Colombia,COL,2018,3.34E+11,6729.583332
Comoros,COM,2018,1188797575,1428.290463
Cabo Verde,CPV,2018,1966501118,3616.460666
Costa Rica,CRI,2018,62420165100,12485.4239
Caribbean small states,CSS,2018,75431169088,10250.29173
Cuba,CUB,2018,1.00E+11,8824.194008
Curacao,CUW,2018,3020388817,18956.09791
Cayman Islands,CYM,2018,5530377593,86180.53969
Cyprus,CYP,2018,25522671233,29334.11133
Czech Republic,CZE,2018,2.49E+11,23419.73561
Germany,DEU,2018,3.98E+12,47973.60762
Djibouti,DJI,2018,2913466732,3038.269738
Dominica,DMA,2018,554770370.4,7745.376963
Denmark,DNK,2018,3.57E+11,61591.92887
Dominican Republic,DOM,2018,85555378043,8050.644076
Algeria,DZA,2018,1.75E+11,4142.018558
East Asia & Pacific (excluding high income),EAP,2018,1.66E+13,7954.762525
Early-demographic dividend,EAR,2018,1.14E+13,3509.754222
East Asia & Pacific,EAS,2018,2.65E+13,11324.00488
Europe & Central Asia (excluding high income),ECA,2018,3.18E+12,8008.257108
Europe & Central Asia,ECS,2018,2.32E+13,25297.67986
Ecuador,ECU,2018,1.08E+11,6295.934662
"Egypt, Arab Rep.",EGY,2018,2.50E+11,2537.125185
Euro area,EMU,2018,1.37E+13,40059.18248
Eritrea,ERI,2018,,
Spain,ESP,2018,1.42E+12,30364.57994
Estonia,EST,2018,30489500905,23063.56382
Ethiopia,ETH,2018,84269348327,771.5248663
European Union,EUU,2018,1.60E+13,35753.36685
Fragile and conflict affected situations,FCS,2018,1.60E+12,1742.490898
Finland,FIN,2018,2.76E+11,49988.91085
Fiji,FJI,2018,5581371850,6317.413723
France,FRA,2018,2.79E+12,41592.7959
Faroe Islands,FRO,2018,3180074747,65572.60753
"Micronesia, Fed. Sts.",FSM,2018,401932300,3568.291016
Gabon,GAB,2018,16867325127,7959.007267
United Kingdom,GBR,2018,2.90E+12,43646.95197
Georgia,GEO,2018,17596922470,4722.042423
Ghana,GHA,2018,67299280680,2260.860567
Gibraltar,GIB,2018,,
Guinea,GIN,2018,11857030337,955.1112811
"Gambia, The",GMB,2018,1670670669,732.7207273
Guinea-Bissau,GNB,2018,1504630121,802.7673851
Equatorial Guinea,GNQ,2018,13097011208,10005.61604
Greece,GRC,2018,2.12E+11,19756.99046
Grenada,GRD,2018,1166523556,10466.88221
Greenland,GRL,2018,3055791341,54545.29998
Guatemala,GTM,2018,73208583759,4478.424646
Guam,GUM,2018,6060000000,36556.67491
Guyana,GUY,2018,4787636237,6145.819277
High income,HIC,2018,5.48E+13,44571.43358
"Hong Kong SAR, China",HKG,2018,3.62E+11,48537.56689
Honduras,HND,2018,24067778954,2510.322943
Heavily indebted poor countries (HIPC),HPC,2018,7.70E+11,987.1739045
Croatia,HRV,2018,62247874949,15227.5601
Haiti,HTI,2018,16455034353,1479.345827
Hungary,HUN,2018,1.61E+11,16427.37276
IBRD only,IBD,2018,3.06E+13,6387.748819
IDA & IBRD total,IBT,2018,3.28E+13,5110.911271
IDA total,IDA,2018,2.24E+12,1369.260457
IDA blend,IDB,2018,1.01E+12,1835.321807
Indonesia,IDN,2018,1.04E+12,3893.859578
IDA only,IDX,2018,1.23E+12,1133.259641
Isle of Man,IMN,2018,7491969313,89112.66772
India,IND,2018,2.70E+12,1998.259076
Not classified,INX,2018,,
Ireland,IRL,2018,3.85E+11,79107.60499
"Iran, Islamic Rep.",IRN,2018,3.31E+11,4046.341864
Iraq,IRQ,2018,2.27E+11,5915.850854
Iceland,ISL,2018,26267063758,74469.80406
Israel,ISR,2018,3.74E+11,42063.45313
Italy,ITA,2018,2.09E+12,34622.16967
Jamaica,JAM,2018,15730793853,5359.993789
Jordan,JOR,2018,42932112676,4308.151074
Japan,JPN,2018,5.04E+12,39727.1166
Kazakhstan,KAZ,2018,1.79E+11,9812.626371
Kenya,KEN,2018,92202956321,1794.091175
Kyrgyz Republic,KGZ,2018,8271108638,1308.140165
Cambodia,KHM,2018,24571753583,1512.126989
Kiribati,KIR,2018,196230573.8,1693.950155
St. Kitts and Nevis,KNA,2018,1078505889,20567.25826
"Korea, Rep.",KOR,2018,1.72E+12,33436.92306
Kuwait,KWT,2018,1.38E+11,33399.06048
Latin America & Caribbean (excluding high income),LAC,2018,4.84E+12,8357.124704
Lao PDR,LAO,2018,18141651381,2569.093892
Lebanon,LBN,2018,54901519156,8003.827612
Liberia,LBR,2018,3422754800,710.2659984
Libya,LBY,2018,76684175824,11482.13364
St. Lucia,LCA,2018,2065127263,11353.71523
Latin America & Caribbean,LCN,2018,5.70E+12,8902.399152
Least developed countries: UN classification,LDC,2018,1.09E+12,1077.493342
Low income,LIC,2018,4.54E+11,699.4114352
Liechtenstein,LIE,2018,6692504346,176499.4026
Sri Lanka,LKA,2018,87963042341,4059.20823
Lower middle income,LMC,2018,7.54E+12,2335.303125
Low & middle income,LMY,2018,3.13E+13,4933.697969
Lesotho,LSO,2018,2514146888,1192.48432
Late-demographic dividend,LTE,2018,2.26E+13,9832.141379
Lithuania,LTU,2018,53750911866,19186.18128
Luxembourg,LUX,2018,71285019397,117254.7404
Latvia,LVA,2018,34429023435,17865.03109
"Macao SAR, China",MAC,2018,55284360483,87526.07999
St. Martin (French part),MAF,2018,,
Morocco,MAR,2018,1.18E+11,3226.98291
Monaco,MCO,2018,7194024563,185978.6093
Moldova,MDA,2018,11457443185,4230.626969
Madagascar,MDG,2018,13614412551,518.401123
Maldives,MDV,2018,5300962660,10279.07998
Middle East & North Africa,MEA,2018,3.46E+12,7704.420769
Mexico,MEX,2018,1.22E+12,9686.984927
Marshall Islands,MHL,2018,221588900,3793.550983
Middle income,MIC,2018,3.08E+13,5415.611006
North Macedonia,MKD,2018,12683070061,6108.740108
Mali,MLI,2018,17070867578,894.8048435
Malta,MLT,2018,15301279478,31573.11656
Myanmar,MMR,2018,67144725831,1250.173685
Middle East & North Africa (excluding high income),MNA,2018,1.38E+12,3604.925763
Montenegro,MNE,2018,5506944403,8850.378404
Mongolia,MNG,2018,13178094459,4156.84697
Northern Mariana Islands,MNP,2018,1302000000,22886.67405
Mozambique,MOZ,2018,14845400593,503.3020092
Mauritania,MRT,2018,7352533586,1669.773476
Mauritius,MUS,2018,14181951059,11208.34382
Malawi,MWI,2018,9880676219,544.5934593
Malaysia,MYS,2018,3.59E+11,11380.07922
North America,NAC,2018,2.23E+13,61158.56356
Namibia,NAM,2018,13682062249,5588.392864
New Caledonia,NCL,2018,9846922416,36382.49553
Niger,NER,2018,12808660528,570.723922
Nigeria,NGA,2018,3.97E+11,2027.778549
Nicaragua,NIC,2018,13025239912,2014.575189
Netherlands,NLD,2018,9.14E+11,53044.53244
Norway,NOR,2018,4.37E+11,82267.80932
Nepal,NPL,2018,33111525872,1178.525957
Nauru,NRU,2018,124021393.7,11614.66508
New Zealand,NZL,2018,2.12E+11,43250.44097
OECD members,OED,2018,5.34E+13,39306.7924
Oman,OMN,2018,91505851756,18947.3665
Other small states,OSS,2018,4.42E+11,14368.92697
Pakistan,PAK,2018,3.56E+11,1678.04315
Panama,PAN,2018,64929409200,15544.99908
Peru,PER,2018,2.23E+11,6958.497262
Philippines,PHL,2018,3.47E+11,3252.110274
Palau,PLW,2018,284700000,15895.2599
Papua New Guinea,PNG,2018,24109509853,2801.371393
Poland,POL,2018,5.87E+11,15468.48222
Pre-demographic dividend,PRE,2018,1.32E+12,1438.529516
Puerto Rico,PRI,2018,1.01E+11,31604.70151
"Korea, Dem. People's Rep.",PRK,2018,,
Portugal,PRT,2018,2.42E+11,23562.55452
Paraguay,PRY,2018,40225448341,5782.78455
West Bank and Gaza,PSE,2018,16276600000,3562.330943
Pacific island small states,PSS,2018,10657544778,4340.564704
Post-demographic dividend,PST,2018,5.04E+13,45413.55092
French Polynesia,PYF,2018,6135117589,22094.75746
Qatar,QAT,2018,1.83E+11,65907.94843
Romania,ROU,2018,2.41E+11,12398.98198
Russian Federation,RUS,2018,1.66E+12,11287.36035
Rwanda,RWA,2018,9642440646,783.8127901
South Asia,SAS,2018,3.53E+12,1944.006635
Saudi Arabia,SAU,2018,8.17E+11,24228.83904
Sudan,SDN,2018,32333780383,773.5070801
Senegal,SEN,2018,23116897847,1458.081584
Singapore,SGP,2018,3.77E+11,66859.33834
Solomon Islands,SLB,2018,1574622018,2411.897904
Sierra Leone,SLE,2018,4085114794,533.9915333
El Salvador,SLV,2018,26020850000,4052.624775
San Marino,SMR,2018,1655300897,48996.59299
Somalia,SOM,2018,5850677296,389.8313955
Serbia,SRB,2018,50640650221,7252.401858
Sub-Saharan Africa (excluding high income),SSA,2018,1.73E+12,1605.490023
South Sudan,SSD,2018,,
Sub-Saharan Africa,SSF,2018,1.73E+12,1606.863419
Small states,SST,2018,5.28E+11,13015.08585
Sao Tome and Principe,STP,2018,412253809.7,1953.513257
Suriname,SUR,2018,3996247906,6938.086981
Slovak Republic,SVK,2018,1.06E+11,19389.98216
Slovenia,SVN,2018,54163591695,26116.85636
Sweden,SWE,2018,5.55E+11,54589.06039
Eswatini,SWZ,2018,4666784618,4107.094431
Sint Maarten (Dutch part),SXM,2018,1185474860,28988.25921
Seychelles,SYC,2018,1636310049,16910.66792
Syrian Arab Republic,SYR,2018,21445775364,1265.60619
Turks and Caicos Islands,TCA,2018,1113178000,29553.1367
Chad,TCD,2018,11239167048,726.1510071
East Asia & Pacific (IDA & IBRD countries),TEA,2018,1.66E+13,8042.948352
Europe & Central Asia (IDA & IBRD countries),TEC,2018,4.07E+12,8876.157251
Togo,TGO,2018,7112200725,901.5230169
Thailand,THA,2018,5.07E+11,7298.947146
Tajikistan,TJK,2018,7765014424,853.2188734
Turkmenistan,TKM,2018,40765428571,6967.375043
Latin America & the Caribbean (IDA & IBRD countries),TLA,2018,5.46E+12,8740.515234
Timor-Leste,TLS,2018,1583876200,1249.138351
Middle East & North Africa (IDA & IBRD countries),TMN,2018,1.36E+12,3605.440104
Tonga,TON,2018,489235527.4,4740.700272
South Asia (IDA & IBRD),TSA,2018,3.53E+12,1944.006635
Sub-Saharan Africa (IDA & IBRD countries),TSS,2018,1.73E+12,1606.863419
Trinidad and Tobago,TTO,2018,23820742957,17139.18567
Tunisia,TUN,2018,42685972269,3690.896932
Turkiye,TUR,2018,7.78E+11,9454.348443
Tuvalu,TUV,2018,47818290.5,4156.305128
Tanzania,TZA,2018,57003713611,1042.838745
Uganda,UGA,2018,32927025573,770.6007843
Ukraine,UKR,2018,1.31E+11,3096.561768
Upper middle income,UMC,2018,2.33E+13,9448.634854
Uruguay,URY,2018,64515038268,18703.86029
United States,USA,2018,2.05E+13,62805.25376
Uzbekistan,UZB,2018,52633143808,1597.068337
St. Vincent and the Grenadines,VCT,2018,884328180.5,8024.028496
"Venezuela, RB",VEN,2018,,
British Virgin Islands,VGB,2018,,
Virgin Islands (U.S.),VIR,2018,3922000000,36653.86305
Vietnam,VNM,2018,3.09E+11,3230.927713
Vanuatu,VUT,2018,914736985.4,3125.436014
World,WLD,2018,8.64E+13,11366.07367
Samoa,WSM,2018,821286938.9,4187.504787
Kosovo,XKX,2018,7878508503,4384.048892
"Yemen, Rep.",YEM,2018,21606161066,758.1459489
South Africa,ZAF,2018,4.05E+11,7005.095413
Zambia,ZMB,2018,26311590297,1516.368371
Zimbabwe,ZWE,2018,18115543791,1254.642265
Aruba,ABW,2019,3310055866,31135.88436
Africa Eastern and Southern,AFE,2019,9.98E+11,1511.309259
Afghanistan,AFG,2019,18799450743,494.1793499
Africa Western and Central,AFW,2019,7.95E+11,1777.852822
Angola,AGO,2019,69309104807,2177.799015
Albania,ALB,2019,15401830754,5396.215864
Andorra,AND,2019,3155149348,40898.41791
Arab World,ARB,2019,2.81E+12,6562.969998
United Arab Emirates,ARE,2019,4.17E+11,42701.44305
Argentina,ARG,2019,4.53E+11,10076.35524
Armenia,ARM,2019,13619291361,4604.646324
American Samoa,ASM,2019,648000000,11715.36014
Antigua and Barbuda,ATG,2019,1687533333,17376.64968
Australia,AUS,2019,1.39E+12,54875.28596
Austria,AUT,2019,4.45E+11,50114.40111
Azerbaijan,AZE,2019,48174235294,4805.753718
Burundi,BDI,2019,2581268126,223.8628757
Belgium,BEL,2019,5.35E+11,46599.11134
Benin,BEN,2019,14391686633,1219.515506
Burkina Faso,BFA,2019,16178162030,796.1152068
Bangladesh,BGD,2019,3.51E+11,2154.226819
Bulgaria,BGR,2019,68915416142,9879.268533
Bahrain,BHR,2019,38653318085,23552.37995
"Bahamas, The",BHS,2019,13192800000,33872.33431
Bosnia and Herzegovina,BIH,2019,20201323283,6119.762351
Belarus,BLR,2019,64409647194,6837.717826
Belize,BLZ,2019,1945250236,4983.336114
Bermuda,BMU,2019,7423465000,116153.1661
Bolivia,BOL,2019,40895322851,3552.068144
Brazil,BRA,2019,1.87E+12,8876.059836
Barbados,BRB,2019,5304164323,18480.05659
Brunei Darussalam,BRN,2019,13469422959,31085.96193
Bhutan,BTN,2019,2535657069,3322.863329
Botswana,BWA,2019,16695925027,7247.429476
Central African Republic,CAF,2019,2221301401,468.1175148
Canada,CAN,2019,1.74E+12,46328.67184
Central Europe and the Baltics,CEB,2019,1.67E+12,16346.56181
Switzerland,CHE,2019,7.32E+11,85334.51946
Channel Islands,CHI,2019,,
Chile,CHL,2019,2.79E+11,14699.46278
China,CHN,2019,1.43E+13,10143.8382
Cote d'Ivoire,CIV,2019,58539424930,2276.332394
Cameroon,CMR,2019,39670977333,1533.095688
"Congo, Dem. Rep.",COD,2019,51775830726,596.5605701
"Congo, Rep.",COG,2019,12750338736,2369.729441
Colombia,COL,2019,3.23E+11,6418.615783
Comoros,COM,2019,1195019559,1404.433187
Cabo Verde,CPV,2019,1981845741,3603.775241
Costa Rica,CRI,2019,64417670083,12762.13801
Caribbean small states,CSS,2019,77023818121,10406.67071
Cuba,CUB,2019,1.03E+11,9125.878679
Curacao,CUW,2019,2995185487,19024.17723
Cayman Islands,CYM,2019,5943589096,91513.04267
Cyprus,CYP,2019,25758357775,29206.07617
Czech Republic,CZE,2019,2.52E+11,23660.14881
Germany,DEU,2019,3.89E+12,46794.89929
Djibouti,DJI,2019,3088853639,3172.750685
Dominica,DMA,2019,611537037,8516.280039
Denmark,DNK,2019,3.48E+11,59775.7351
Dominican Republic,DOM,2019,88941299734,8282.117131
Algeria,DZA,2019,1.72E+11,3989.668276
East Asia & Pacific (excluding high income),EAP,2019,1.72E+13,8177.838
Early-demographic dividend,EAR,2019,1.16E+13,3538.833413
East Asia & Pacific,EAS,2019,2.70E+13,11494.09153
Europe & Central Asia (excluding high income),ECA,2019,3.25E+12,8136.751834
Europe & Central Asia,ECS,2019,2.29E+13,24914.60337
Ecuador,ECU,2019,1.08E+11,6222.524653
"Egypt, Arab Rep.",EGY,2019,3.03E+11,3019.092283
Euro area,EMU,2019,1.34E+13,39195.77483
Eritrea,ERI,2019,,
Spain,ESP,2019,1.39E+12,29554.49052
Estonia,EST,2019,31045591753,23397.87826
Ethiopia,ETH,2019,95912590628,855.7608852
European Union,EUU,2019,1.57E+13,35089.28279
Fragile and conflict affected situations,FCS,2019,1.69E+12,1797.209467
Finland,FIN,2019,2.69E+11,48628.64176
Fiji,FJI,2019,5496264766,6175.890653
France,FRA,2019,2.73E+12,40578.64429
Faroe Islands,FRO,2019,3268839776,67153.68194
"Micronesia, Fed. Sts.",FSM,2019,412479413.4,3624.249092
Gabon,GAB,2019,16874405840,7766.996554
United Kingdom,GBR,2019,2.88E+12,43070.49836
Georgia,GEO,2019,17470436259,4696.150586
Ghana,GHA,2019,68337537816,2246.625578
Gibraltar,GIB,2019,,
Guinea,GIN,2019,13442861444,1052.588091
"Gambia, The",GMB,2019,1813608280,772.5055883
Guinea-Bissau,GNB,2019,1439638443,749.453747
Equatorial Guinea,GNQ,2019,11364134109,8380.741122
Greece,GRC,2019,2.05E+11,19133.75776
Grenada,GRD,2019,1213485185,10834.49568
Greenland,GRL,2019,2994332324,53256.24409
Guatemala,GTM,2019,77020015201,4638.634943
Guam,GUM,2019,6364000000,38040.58699
Guyana,GUY,2019,5173760192,6609.51128
High income,HIC,2019,5.53E+13,44774.77502
"Hong Kong SAR, China",HKG,2019,3.63E+11,48356.0635
Honduras,HND,2019,25089976947,2574.356751
Heavily indebted poor countries (HIPC),HPC,2019,7.98E+11,994.8982809
Croatia,HRV,2019,62246206341,15311.7669
Haiti,HTI,2019,14785839383,1312.770636
Hungary,HUN,2019,1.64E+11,16735.65978
IBRD only,IBD,2019,3.12E+13,6473.782551
IDA & IBRD total,IBT,2019,3.36E+13,5168.837517
IDA total,IDA,2019,2.34E+12,1399.11567
IDA blend,IDB,2019,1.04E+12,1852.219116
Indonesia,IDN,2019,1.12E+12,4135.233344
IDA only,IDX,2019,1.30E+12,1169.69953
Isle of Man,IMN,2019,7315388052,86481.55259
India,IND,2019,2.83E+12,2072.244897
Not classified,INX,2019,,
Ireland,IRL,2019,3.99E+11,80886.61574
"Iran, Islamic Rep.",IRN,2019,2.91E+11,3514.042168
Iraq,IRQ,2019,2.34E+11,5943.458455
Iceland,ISL,2019,24857740445,68941.46223
Israel,ISR,2019,3.98E+11,43951.24773
Italy,ITA,2019,2.01E+12,33673.47545
Jamaica,JAM,2019,15830768550,5369.498371
Jordan,JOR,2019,44502895915,4405.487109
Japan,JPN,2019,5.12E+12,40458.00188
Kazakhstan,KAZ,2019,1.82E+11,9812.595808
Kenya,KEN,2019,1.00E+11,1909.304537
Kyrgyz Republic,KGZ,2019,8871026074,1374.032105
Cambodia,KHM,2019,27089389787,1643.121389
Kiribati,KIR,2019,177935349.3,1512.95277
St. Kitts and Nevis,KNA,2019,1164877852,22047.88303
"Korea, Rep.",KOR,2019,1.65E+12,31902.4169
Kuwait,KWT,2019,1.36E+11,32373.25111
Latin America & Caribbean (excluding high income),LAC,2019,4.78E+12,8165.360565
Lao PDR,LAO,2019,18740559554,2613.944427
Lebanon,LBN,2019,51605959131,7527.44306
Liberia,LBR,2019,3319596500,672.3404992
Libya,LBY,2019,69252306372,10218.04303
St. Lucia,LCA,2019,2118791548,11591.08044
Latin America & Caribbean,LCN,2019,5.62E+12,8699.460717
Least developed countries: UN classification,LDC,2019,1.14E+12,1105.717065
Low income,LIC,2019,4.80E+11,720.474279
Liechtenstein,LIE,2019,6427248943,169049.1569
Sri Lanka,LKA,2019,83902574443,3848.212376
Lower middle income,LMC,2019,7.89E+12,2411.334922
Low & middle income,LMY,2019,3.21E+13,4993.619381
Lesotho,LSO,2019,2451257579,1153.388058
Late-demographic dividend,LTE,2019,2.30E+13,9974.505915
Lithuania,LTU,2019,54697379017,19575.76848
Luxembourg,LUX,2019,70195715496,113218.7133
Latvia,LVA,2019,34308783825,17926.84159
"Macao SAR, China",MAC,2019,55204758070,86197.36569
St. Martin (French part),MAF,2019,,
Morocco,MAR,2019,1.20E+11,3235.000732
Monaco,MCO,2019,7383745662,189487.1471
Moldova,MDA,2019,11971345003,4492.10574
Madagascar,MDG,2019,14191911512,526.2245722
Maldives,MDV,2019,5607762625,10561.61351
Middle East & North Africa,MEA,2019,3.47E+12,7587.355596
Mexico,MEX,2019,1.27E+12,9950.217622
Marshall Islands,MHL,2019,239462200,4073.10983
Middle income,MIC,2019,3.16E+13,5487.844058
North Macedonia,MKD,2019,12606338449,6070.388054
Mali,MLI,2019,17280250805,879.0431675
Malta,MLT,2019,15719500921,31185.64962
Myanmar,MMR,2019,68697759361,1271.111536
Middle East & North Africa (excluding high income),MNA,2019,1.39E+12,3574.162674
Montenegro,MNE,2019,5542201151,8909.890151
Mongolia,MNG,2019,14206359007,4404.84583
Northern Mariana Islands,MNP,2019,1182000000,20659.64029
Mozambique,MOZ,2019,15390031040,506.8171391
Mauritania,MRT,2019,7889655284,1743.301317
Mauritius,MUS,2019,14045808843,11097.16898
Malawi,MWI,2019,11025370769,591.8470837
Malaysia,MYS,2019,3.65E+11,11432.82603
North America,NAC,2019,2.31E+13,63175.74013
Namibia,NAM,2019,12543203411,5028.295342
New Caledonia,NCL,2019,9438130987,34788.54031
Niger,NER,2019,12916455161,554.0993893
Nigeria,NGA,2019,4.48E+11,2229.858652
Nicaragua,NIC,2019,12596636042,1924.471816
Netherlands,NLD,2019,9.10E+11,52476.27325
Norway,NOR,2019,4.05E+11,75719.7529
Nepal,NPL,2019,34186190996,1194.957236
Nauru,NRU,2019,118724073.8,11029.73558
New Zealand,NZL,2019,2.13E+11,42865.23364
OECD members,OED,2019,5.39E+13,39478.31197
Oman,OMN,2019,88060858257,17700.70349
Other small states,OSS,2019,4.33E+11,13799.29553
Pakistan,PAK,2019,3.21E+11,1481.813864
Panama,PAN,2019,66984427200,15774.25495
Peru,PER,2019,2.28E+11,7023.077526
Philippines,PHL,2019,3.77E+11,3485.340844
Palau,PLW,2019,274200000,15232.48708
Papua New Guinea,PNG,2019,24751344561,2820.306397
Poland,POL,2019,5.97E+11,15732.20313
Pre-demographic dividend,PRE,2019,1.39E+12,1474.823822
Puerto Rico,PRI,2019,1.05E+11,32850.54861
"Korea, Dem. People's Rep.",PRK,2019,,
Portugal,PRT,2019,2.40E+11,23330.81729
Paraguay,PRY,2019,37925338329,5383.574422
West Bank and Gaza,PSE,2019,17133500000,3656.858271
Pacific island small states,PSS,2019,10644265612,4271.583766
Post-demographic dividend,PST,2019,5.09E+13,45728.10123
French Polynesia,PYF,2019,6008055248,21512.2733
Qatar,QAT,2019,1.76E+11,62087.97413
Romania,ROU,2019,2.50E+11,12899.34611
Russian Federation,RUS,2019,1.69E+12,11536.25098
Rwanda,RWA,2019,10356327149,820.1772393
South Asia,SAS,2019,3.65E+12,1987.56834
Saudi Arabia,SAU,2019,8.04E+11,23450.56202
Sudan,SDN,2019,32338079165,755.3289795
Senegal,SEN,2019,23398811424,1435.830367
Singapore,SGP,2019,3.75E+11,65831.18943
Solomon Islands,SLB,2019,1570093229,2344.048976
Sierra Leone,SLE,2019,4076578543,521.7548367
El Salvador,SLV,2019,26896660000,4167.730939
San Marino,SMR,2019,1616231696,47727.13489
Somalia,SOM,2019,6476674592,419.3948077
Serbia,SRB,2019,51514222382,7417.203649
Sub-Saharan Africa (excluding high income),SSA,2019,1.79E+12,1617.541932
South Sudan,SSD,2019,,
Sub-Saharan Africa,SSF,2019,1.79E+12,1618.920771
Small states,SST,2019,5.20E+11,12615.13255
Sao Tome and Principe,STP,2019,427425039.7,1987.579702
Suriname,SUR,2019,3984483762,6853.693411
Slovak Republic,SVK,2019,1.05E+11,19303.54566
Slovenia,SVN,2019,54178877606,25942.95477
Sweden,SWE,2019,5.34E+11,51939.42974
Eswatini,SWZ,2019,4466066557,3889.851226
Sint Maarten (Dutch part),SXM,2019,,
Seychelles,SYC,2019,1684228529,17252.02078
Syrian Arab Republic,SYR,2019,,
Turks and Caicos Islands,TCA,2019,1197415000,31350.86663
Chad,TCD,2019,11314951343,709.5400432
East Asia & Pacific (IDA & IBRD countries),TEA,2019,1.72E+13,8268.375718
Europe & Central Asia (IDA & IBRD countries),TEC,2019,4.16E+12,9026.080646
Togo,TGO,2019,7220395248,893.3524541
Thailand,THA,2019,5.44E+11,7814.384431
Tajikistan,TJK,2019,8300784857,890.5444024
Turkmenistan,TKM,2019,45231428571,7612.03518
Latin America & the Caribbean (IDA & IBRD countries),TLA,2019,5.37E+12,8519.254425
Timor-Leste,TLS,2019,2047931700,1583.713576
Middle East & North Africa (IDA & IBRD countries),TMN,2019,1.37E+12,3573.155702
Tonga,TON,2019,512350059.4,4903.012138
South Asia (IDA & IBRD),TSA,2019,3.65E+12,1987.56834
Sub-Saharan Africa (IDA & IBRD countries),TSS,2019,1.79E+12,1618.920771
Trinidad and Tobago,TTO,2019,23886216403,17123.11629
Tunisia,TUN,2019,41772900763,3571.945048
Turkiye,TUR,2019,7.61E+11,9121.515167
Tuvalu,TUV,2019,54223149.11,4652.350846
Tanzania,TZA,2019,61136873692,1085.884888
Uganda,UGA,2019,35353060634,798.5857341
Ukraine,UKR,2019,1.54E+11,3661.456299
Upper middle income,UMC,2019,2.37E+13,9548.200238
Uruguay,URY,2019,61231149881,17688.01501
United States,USA,2019,2.14E+13,65094.79943
Uzbekistan,UZB,2019,59907674027,1784.009816
St. Vincent and the Grenadines,VCT,2019,910149698.9,8229.722486
"Venezuela, RB",VEN,2019,,
British Virgin Islands,VGB,2019,,
Virgin Islands (U.S.),VIR,2019,4117000000,38596.03071
Vietnam,VNM,2019,3.30E+11,3425.089253
Vanuatu,VUT,2019,936526267.6,3122.982599
World,WLD,2019,8.77E+13,11407.47933
Samoa,WSM,2019,852007104.7,4322.868416
Kosovo,XKX,2019,7899879086,4416.108358
"Yemen, Rep.",YEM,2019,21887614217,750.5545834
South Africa,ZAF,2019,3.88E+11,6624.761865
Zambia,ZMB,2019,23308667781,1305.001031
Zimbabwe,ZWE,2019,19284289739,1316.740657
Aruba,ABW,2020,2496648045,23384.29879
Africa Eastern and Southern,AFE,2020,9.22E+11,1360.878645
Afghanistan,AFG,2020,20116137326,516.7478708
Africa Western and Central,AFW,2020,7.84E+11,1709.764129
Angola,AGO,2020,53619071176,1631.431691
Albania,ALB,2020,15131866271,5332.160475
Andorra,AND,2020,2891001149,37416.69772
Arab World,ARB,2020,2.50E+12,5724.28687
United Arab Emirates,ARE,2020,3.59E+11,36284.55524
Argentina,ARG,2020,3.90E+11,8585.694742
Armenia,ARM,2020,12641209802,4266.018074
American Samoa,ASM,2020,709000000,12844.90099
Antigua and Barbuda,ATG,2020,1370281481,13992.74448
Australia,AUS,2020,1.33E+12,51680.31652
Austria,AUT,2020,4.33E+11,48588.65938
Azerbaijan,AZE,2020,42693000000,4229.910649
Burundi,BDI,2020,2780510625,233.8375103
Belgium,BEL,2020,5.22E+11,45189.3669
Benin,BEN,2020,15651545332,1291.040972
Burkina Faso,BFA,2020,17933606353,857.9327297
Bangladesh,BGD,2020,3.74E+11,2270.347535
Bulgaria,BGR,2020,69889347433,10079.20338
Bahrain,BHR,2020,34723357447,20406.50233
"Bahamas, The",BHS,2020,9699500000,24665.09683
Bosnia and Herzegovina,BIH,2020,19955120005,6082.36673
Belarus,BLR,2020,61489588895,6555.426818
Belize,BLZ,2020,1585631670,3987.796596
Bermuda,BMU,2020,6881662000,107706.0398
Bolivia,BOL,2020,36629843806,3137.989617
Brazil,BRA,2020,1.45E+12,6814.875632
Barbados,BRB,2020,4689534962,16318.74811
Brunei Darussalam,BRN,2020,12005825770,27442.95383
Bhutan,BTN,2020,2315436303,3000.777986
Botswana,BWA,2020,14930072799,6348.832318
Central African Republic,CAF,2020,2326720921,481.7462966
Canada,CAN,2020,1.65E+12,43258.26387
Central Europe and the Baltics,CEB,2020,1.65E+12,16197.29935
Switzerland,CHE,2020,7.52E+11,87100.41482
Channel Islands,CHI,2020,,
Chile,CHL,2020,2.53E+11,13220.57076
China,CHN,2020,1.47E+13,10408.66976
Cote d'Ivoire,CIV,2020,61348579465,2325.723705
Cameroon,CMR,2020,40804449726,1537.130218
"Congo, Dem. Rep.",COD,2020,48716960860,543.9503925
"Congo, Rep.",COG,2020,10483151094,1899.778237
Colombia,COL,2020,2.70E+11,5312.198556
Comoros,COM,2020,1223876065,1407.40927
Cabo Verde,CPV,2020,1703698677,3064.272388
Costa Rica,CRI,2020,62158002233,12201.92603
Caribbean small states,CSS,2020,65922853041,8857.870922
Cuba,CUB,2020,1.07E+11,9477.852873
Curacao,CUW,2020,2496174736,16109.86167
Cayman Islands,CYM,2020,5608989196,85346.76195
Cyprus,CYP,2020,24692095945,27681.56641
Czech Republic,CZE,2020,2.45E+11,22933.49959
Germany,DEU,2020,3.85E+12,46252.6893
Djibouti,DJI,2020,3181071154,3219.701128
Dominica,DMA,2020,504214814.8,7003.859021
Denmark,DNK,2020,3.56E+11,61063.31643
Dominican Republic,DOM,2020,78844702329,7268.19691
Algeria,DZA,2020,1.45E+11,3306.858208
East Asia & Pacific (excluding high income),EAP,2020,1.75E+13,8270.455138
Early-demographic dividend,EAR,2020,1.08E+13,3253.713456
East Asia & Pacific,EAS,2020,2.71E+13,11483.59931
Europe & Central Asia (excluding high income),ECA,2020,2.98E+12,7435.160748
Europe & Central Asia,ECS,2020,2.21E+13,23981.02201
Ecuador,ECU,2020,99291124000,5627.77228
"Egypt, Arab Rep.",EGY,2020,3.65E+11,3569.206841
Euro area,EMU,2020,1.30E+13,38012.66729
Eritrea,ERI,2020,,
Spain,ESP,2020,1.28E+12,27056.42175
Estonia,EST,2020,30650285472,23054.35849
Ethiopia,ETH,2020,1.08E+11,936.4507576
European Union,EUU,2020,1.53E+13,34191.82825
Fragile and conflict affected situations,FCS,2020,1.56E+12,1624.943028
Finland,FIN,2020,2.72E+11,49160.83715
Fiji,FJI,2020,4574413823,5102.843929
France,FRA,2020,2.63E+12,39037.12263
Faroe Islands,FRO,2020,3240759989,66320.6792
"Micronesia, Fed. Sts.",FSM,2020,407515928,3542.969788
Gabon,GAB,2020,15316824039,6881.714225
United Kingdom,GBR,2020,2.76E+12,41098.07865
Georgia,GEO,2020,15842922533,4255.742993
Ghana,GHA,2020,70043199814,2254.153889
Gibraltar,GIB,2020,,
Guinea,GIN,2020,14169626010,1078.950006
"Gambia, The",GMB,2020,1830413000,757.4131116
Guinea-Bissau,GNB,2020,1431758243,727.5201717
Equatorial Guinea,GNQ,2020,10099157270,7198.335884
Greece,GRC,2020,1.89E+11,17647.23269
Grenada,GRD,2020,1043411111,9273.199292
Greenland,GRL,2020,3075968329,54570.37502
Guatemala,GTM,2020,77604632621,4603.339643
Guam,GUM,2020,5844000000,34624.34013
Guyana,GUY,2020,5471256595,6955.939217
High income,HIC,2020,5.37E+13,43282.42346
"Hong Kong SAR, China",HKG,2020,3.45E+11,46100.97587
Honduras,HND,2020,23827840810,2405.732848
Heavily indebted poor countries (HIPC),HPC,2020,8.03E+11,975.4742618
Croatia,HRV,2020,57203783203,14132.48656
Haiti,HTI,2020,14508218017,1272.367992
Hungary,HUN,2020,1.57E+11,16075.97327
IBRD only,IBD,2020,3.00E+13,6176.40377
IDA & IBRD total,IBT,2020,3.24E+13,4925.381242
IDA total,IDA,2020,2.33E+12,1365.047843
IDA blend,IDB,2020,9.99E+11,1740.603808
Indonesia,IDN,2020,1.06E+12,3870.55762
IDA only,IDX,2020,1.33E+12,1175.586605
Isle of Man,IMN,2020,,
India,IND,2020,2.67E+12,1933.101069
Not classified,INX,2020,,
Ireland,IRL,2020,4.26E+11,85422.54287
"Iran, Islamic Rep.",IRN,2020,2.32E+11,2756.749977
Iraq,IRQ,2020,1.84E+11,4583.747494
Iceland,ISL,2020,21718075725,59264.03409
Israel,ISR,2020,4.07E+11,44177.57122
Italy,ITA,2020,1.89E+12,31834.97262
Jamaica,JAM,2020,13812425037,4664.530242
Jordan,JOR,2020,43697659296,4282.765825
Japan,JPN,2020,5.04E+12,39918.16756
Kazakhstan,KAZ,2020,1.71E+11,9121.637138
Kenya,KEN,2020,1.01E+11,1872.124026
Kyrgyz Republic,KGZ,2020,7780874537,1182.5217
Cambodia,KHM,2020,25872798012,1547.511388
Kiribati,KIR,2020,180911843.6,1514.591059
St. Kitts and Nevis,KNA,2020,980905888.9,18440.85368
"Korea, Rep.",KOR,2020,1.64E+12,31597.50465
Kuwait,KWT,2020,1.06E+11,24811.76971
Latin America & Caribbean (excluding high income),LAC,2020,4.00E+12,6765.532776
Lao PDR,LAO,2020,18981800705,2608.982833
Lebanon,LBN,2020,25948915861,3801.792743
Liberia,LBR,2020,3039982540,601.0630058
Libya,LBY,2020,52320215472,7614.325449
St. Lucia,LCA,2020,1616772748,8804.561089
Latin America & Caribbean,LCN,2020,4.74E+12,7270.703584
Least developed countries: UN classification,LDC,2020,1.16E+12,1099.201561
Low income,LIC,2020,4.81E+11,703.7338455
Liechtenstein,LIE,2020,,
Sri Lanka,LKA,2020,80969683537,3694.040948
Lower middle income,LMC,2020,7.59E+12,2285.711107
Low & middle income,LMY,2020,3.09E+13,4759.776082
Lesotho,LSO,2020,2250717718,1050.631634
Late-demographic dividend,LTE,2020,2.25E+13,9699.089375
Lithuania,LTU,2020,56546957475,20232.30204
Luxembourg,LUX,2020,73353132794,116356.158
Latvia,LVA,2020,33645460617,17703.95344
"Macao SAR, China",MAC,2020,25586111076,39403.13591
St. Martin (French part),MAF,2020,,
Morocco,MAR,2020,1.15E+11,3058.69165
Monaco,MCO,2020,6816219303,173688.1894
Moldova,MDA,2020,11859730544,4525.759654
Madagascar,MDG,2020,13225591804,477.6130414
Maldives,MDV,2020,3742769967,6924.105745
Middle East & North Africa,MEA,2020,3.11E+12,6688.08728
Mexico,MEX,2020,1.09E+12,8431.665017
Marshall Islands,MHL,2020,244462400,4129.850998
Middle income,MIC,2020,3.04E+13,5237.022473
North Macedonia,MKD,2020,12116981815,5846.465899
Mali,MLI,2020,17465392779,862.453012
Malta,MLT,2020,14917038504,28946.46268
Myanmar,MMR,2020,78930257227,1450.662673
Middle East & North Africa (excluding high income),MNA,2020,1.26E+12,3190.325097
Montenegro,MNE,2020,4780722122,7694.633759
Mongolia,MNG,2020,13312981595,4060.950518
Northern Mariana Islands,MNP,2020,,
Mozambique,MOZ,2020,14028811072,448.8438914
Mauritania,MRT,2020,7915985514,1702.486959
Mauritius,MUS,2020,10926820603,8632.752859
Malawi,MWI,2020,12172128470,636.2863096
Malaysia,MYS,2020,3.37E+11,10412.34767
North America,NAC,2020,2.25E+13,61000.85526
Namibia,NAM,2020,10562637376,4157.019506
New Caledonia,NCL,2020,9435529927,34694.5504
Niger,NER,2020,13741378450,567.6698923
Nigeria,NGA,2020,4.32E+11,2097.092473
Nicaragua,NIC,2020,12586941393,1900.043594
Netherlands,NLD,2020,9.14E+11,52396.03221
Norway,NOR,2020,3.62E+11,67329.67779
Nepal,NPL,2020,33433670512,1147.471971
Nauru,NRU,2020,114626625.6,10580.26819
New Zealand,NZL,2020,2.12E+11,41596.5055
OECD members,OED,2020,5.23E+13,38116.42222
Oman,OMN,2020,73971391417,14485.38612
Other small states,OSS,2020,3.77E+11,11792.06642
Pakistan,PAK,2020,3.00E+11,1359.514522
Panama,PAN,2020,53977037000,12509.83529
Peru,PER,2020,2.02E+11,6117.493571
Philippines,PHL,2020,3.62E+11,3301.218603
Palau,PLW,2020,257700000,14243.86469
Papua New Guinea,PNG,2020,24667052023,2757.011019
Poland,POL,2020,5.97E+11,15742.45373
Pre-demographic dividend,PRE,2020,1.31E+12,1349.15316
Puerto Rico,PRI,2020,1.03E+11,31429.86612
"Korea, Dem. People's Rep.",PRK,2020,,
Portugal,PRT,2020,2.29E+11,22194.56611
Paraguay,PRY,2020,35432178068,4967.687212
West Bank and Gaza,PSE,2020,15531700000,3233.568638
Pacific island small states,PSS,2020,9573379122,3785.503406
Post-demographic dividend,PST,2020,4.95E+13,44330.3117
French Polynesia,PYF,2020,5669368717,20182.5845
Qatar,QAT,2020,1.44E+11,50124.38594
Romania,ROU,2020,2.50E+11,12956.56625
Russian Federation,RUS,2020,1.49E+12,10161.98242
Rwanda,RWA,2020,10184345442,786.3018148
South Asia,SAS,2020,3.48E+12,1875.441391
Saudi Arabia,SAU,2020,7.03E+11,20203.66888
Sudan,SDN,2020,26987563444,615.4620972
Senegal,SEN,2020,24493157583,1462.808169
Singapore,SGP,2020,3.45E+11,60729.45035
Solomon Islands,SLB,2020,1545888426,2250.601164
Sierra Leone,SLE,2020,4063289450,509.376594
El Salvador,SLV,2020,24638720000,3798.636521
San Marino,SMR,2020,1544713785,45515.7577
Somalia,SOM,2020,6965285325,438.2551656
Serbia,SRB,2020,53335016425,7730.691746
Sub-Saharan Africa (excluding high income),SSA,2020,1.70E+12,1500.852648
South Sudan,SSD,2020,,
Sub-Saharan Africa,SSF,2020,1.71E+12,1501.779422
Small states,SST,2020,4.52E+11,10787.66873
Sao Tome and Principe,STP,2020,472914469.9,2157.840446
Suriname,SUR,2020,2884248048,4916.605666
Slovak Republic,SVK,2020,1.05E+11,19266.51357
Slovenia,SVN,2020,53589609581,25489.50023
Sweden,SWE,2020,5.41E+11,52300.2062
Eswatini,SWZ,2020,3984840580,3434.721798
Sint Maarten (Dutch part),SXM,2020,,
Seychelles,SYC,2020,1200634489,12193.88687
Syrian Arab Republic,SYR,2020,,
Turks and Caicos Islands,TCA,2020,924583000,23879.92665
Chad,TCD,2020,10715396135,652.3492096
East Asia & Pacific (IDA & IBRD countries),TEA,2020,1.75E+13,8361.938147
Europe & Central Asia (IDA & IBRD countries),TEC,2020,3.88E+12,8406.890911
Togo,TGO,2020,7574636979,914.9507925
Thailand,THA,2020,5.00E+11,7158.766684
Tajikistan,TJK,2020,8133996648,852.8309878
Turkmenistan,TKM,2020,,
Latin America & the Caribbean (IDA & IBRD countries),TLA,2020,4.50E+12,7062.47559
Timor-Leste,TLS,2020,1902156800,1442.730738
Middle East & North Africa (IDA & IBRD countries),TMN,2020,1.25E+12,3189.795404
Tonga,TON,2020,488829964.1,4624.823449
South Asia (IDA & IBRD),TSA,2020,3.48E+12,1875.441391
Sub-Saharan Africa (IDA & IBRD countries),TSS,2020,1.71E+12,1501.779422
Trinidad and Tobago,TTO,2020,21392536138,15285.94049
Tunisia,TUN,2020,42514151614,3597.218525
Turkiye,TUR,2020,7.20E+11,8536.43332
Tuvalu,TUV,2020,55054710.62,4668.818743
Tanzania,TZA,2020,62409709111,1076.469727
Uganda,UGA,2020,37600368181,822.0276815
Ukraine,UKR,2020,1.57E+11,3751.740723
Upper middle income,UMC,2020,2.28E+13,9166.460854
Uruguay,URY,2020,53560755047,15418.81531
United States,USA,2020,2.09E+13,63027.67953
Uzbekistan,UZB,2020,59894305353,1749.655815
St. Vincent and the Grenadines,VCT,2020,872134546.8,7860.821354
"Venezuela, RB",VEN,2020,,
British Virgin Islands,VGB,2020,,
Virgin Islands (U.S.),VIR,2020,4204000000,39552.1686
Vietnam,VNM,2020,3.43E+11,3526.274579
Vanuatu,VUT,2020,896827873.1,2919.8368
World,WLD,2020,8.49E+13,10936.05747
Samoa,WSM,2020,807147527.6,4068.078865
Kosovo,XKX,2020,7716925356,4310.811183
"Yemen, Rep.",YEM,2020,18840511908,631.68149
South Africa,ZAF,2020,3.35E+11,5655.867654
Zambia,ZMB,2020,18110631358,985.132436
Zimbabwe,ZWE,2020,18051170799,1214.50982